Image Filename,Prefix,Writer Name (Arabic),Writer Name (English),
2015 5-03 El-Khouri_Letter to Jennie Jabaley from Lebanon Oct18 1960_1,2015,خالتكي ملفينا,Malvina Choieree,
2015 5-07 El-Khouri_Letter to Joseph from Lebanon Dec17 1959_1,2015,ابن اخيك مارون,Your nephew Maroun,
2015 5-07b El-Khouri_Letter to Joseph from Lebanon Dec17 1959_2_1,2015,ابن اخيك مارون,Your nephew Maroun,
2015 5-07b El-Khouri_Letter to Joseph from Lebanon Dec17 1959_2_2,2015,ابن اخيك مارون,Your nephew Maroun,
2015 5-08b El-Khouri_Letter to Joseph from Lebanon Dec19 1957_2_1,2015,الاخت فيكتور ن خوري,Sister Victor N. Khoury,
2015 5-08b El-Khouri_Letter to Joseph from Lebanon Dec19 1957_2_2,2015,الاخت فيكتور ن خوري,Sister Victor N. Khoury,
2015 5-08c El-Khouri_Letter to Joseph from Lebanon Dec19 1957_3,2015,الاخت فيكتور ن خوري,Sister Victor N. Khoury,
2015 5-09b El-Khouri_Letter to Joseph from Lebanon Dec21 1960_2,2015,ابن اخيك مارون,Your nephew Maroun,
2015 5-13 El-Khouri_Letter to Joseph from Lebanon Feb29 1960 1,2015,مارون الخوري مارون ( يوسف بنيامين الخوري),Maroun Al-Khoury Maroun (Joseph Benjamin El-Khouri ),
2015 5-13b El-Khouri_Letter to Joseph from Lebanon Feb29 1960_2_1,2015,مارون الخوري مارون ( يوسف بنيامين الخوري),Maroun Al-Khoury Maroun (Joseph Benjamin El-Khouri ),
AF_280r,AF,شهود شبلي بركات,Shibli Barakat witnesses,
AF_293r,AF,مأمور مال كسروان,Keserwan Finance Officer,
AF_303r,AF,ولدكم جورج,Your son George,
AF_304_01r,AF,ولدكم جورج,Your son George,
AF_304_02r,AF,ولدكم جورج,Your son George,
AF_304_03r,AF,ولدكم جورج,Your son George,
AF_304_04r,AF,ولدكم جورج,Your son George,
AF_304_05r,AF,ولدكم جورج,Your son George,
AF_304_06r,AF,ولدكم جورج,Your son George,
AF_304_06v,AF,ولدكم جورج,Your son George,
AF_305r,AF,أمين فرحات,Amin Farhat,
AF_321r,AF,ولدكم جورج,Your son George,
AF_322_01r,AF,ولدكم جورج,Your son George,
AF_322_02r,AF,ولدكم جورج,Your son George,
AF_323r,AF,,,
AF_342r,AF,,,
AF_342v,AF,,,
AF_352v,AF,,,
AF_356r,AF,أمين فرحات,Amin Farhat,
AF_357r,AF,أمين فرحات,Amin Farhat,
AnF_016,AnF,,,
AR51_008,AR,أمين الريحاني,Ameen Rihani,
AR51_013,AR,أمين الريحاني,Ameen Rihani,
AR51_062,AR,أمين الريحاني,Ameen Rihani,
AR53_01_006,AR,أمين الريحاني,Ameen Rihani,
AR53_01_008,AR,أمين الريحاني,Ameen Rihani,
AR53_01_009,AR,أمين الريحاني,Ameen Rihani,
AR53_01_010,AR,أمين الريحاني,Ameen Rihani,
AR53_01_011,AR,أمين الريحاني,Ameen Rihani,
AR53_01_025,AR,أمين الريحاني,Ameen Rihani,
AR53_01_026,AR,أمين الريحاني,Ameen Rihani,
AR53_01_027,AR,أمين الريحاني,Ameen Rihani,
AR53_01_029,AR,أمين الريحاني,Ameen Rihani,
AR53_01_031,AR,أمين الريحاني,Ameen Rihani,
AR53_01_033,AR,أمين الريحاني,Ameen Rihani,
AR53_01_034,AR,أمين الريحاني,Ameen Rihani,
AR53_01_035,AR,أمين الريحاني,Ameen Rihani,
AR53_01_036,AR,أمين الريحاني,Ameen Rihani,
AR53_01_037,AR,أمين الريحاني,Ameen Rihani,
AR53_01_038,AR,أمين الريحاني,Ameen Rihani,
AR53_01_039,AR,أمين الريحاني,Ameen Rihani,
AR53_01_040,AR,أمين الريحاني,Ameen Rihani,
AR53_02_205,AR,أمين الريحاني,Ameen Rihani,
AR53_02_207,AR,أمين الريحاني,Ameen Rihani,
AR53_02_209,AR,أمين الريحاني,Ameen Rihani,
AR53_02_210,AR,أمين الريحاني,Ameen Rihani,
AR53_02_211,AR,أمين الريحاني,Ameen Rihani,
AR53_02_212,AR,أمين الريحاني,Ameen Rihani,
AR53_02_213,AR,أمين الريحاني,Ameen Rihani,
AR53_02_230,AR,أمين الريحاني,Ameen Rihani,
AR53_02_246,AR,أمين الريحاني,Ameen Rihani,
AR53_02_254,AR,أمين الريحاني,Ameen Rihani,
AR53_02_262,AR,أمين الريحاني,Ameen Rihani,
AR53_02_265,AR,أمين الريحاني,Ameen Rihani,
AR55_05_006,AR,أمين الريحاني,Ameen Rihani,
AR55_05_007,AR,أمين الريحاني,Ameen Rihani,
AR56_01_001,AR,,,
AR56_01_002,AR,,,
AR56_01_003_1,AR,شبل نصيف دموس,Shibli N. Damus,
AR56_01_003_2,AR,شبل نصيف دموس,Shibli N. Damus,
AR56_01_004,AR,,,
AR56_01_005,AR,شبل نصيف دموس,Shibli N. Damus,
AR56_01_006,AR,شبل نصيف دموس,Shibli N. Damus,
AR56_01_007,AR,شبل نصيف دموس,Shibli N. Damus,
AR56_01_008,AR,شبل نصيف دموس,Shibli N. Damus,
AR56_01_009,AR,شبل نصيف دموس,Shibli N. Damus,
AR56_01_010,AR,شبل نصيف دموس,Shibli N. Damus,
AR56_01_011,AR,شبل نصيف دموس,Shibli N. Damus,
AR56_01_012,AR,شبل نصيف دموس,Shibli N. Damus,
AR56_01_013,AR,نعوم مكرزل,Naoum Mokarzel,
AR56_01_014,AR,نعوم مكرزل,Naoum Mokarzel,
AR56_01_015,AR,نعوم مكرزل,Naoum Mokarzel,
AR56_01_016,AR,شبل نصيف دموس,Shibli N. Damus,
AR56_01_017,AR,شبل نصيف دموس,Shibli N. Damus,
AR56_01_018,AR,عيسى مخايل الخوري,Eissa alKhouri,
AR56_01_019,AR,عيسى مخايل الخوري,Eissa alKhouri,
AR56_01_020,AR,عيسى مخايل الخوري,Eissa alKhouri,
AR56_01_021,AR,عيسى مخايل الخوري,Eissa alKhouri,
AR56_01_022,AR,عيسى مخايل الخوري,Eissa alKhouri,
AR56_01_023,AR,عيسى مخايل الخوري,Eissa alKhouri,
AR56_01_024,AR,شبل نصيف دموس,Shibli N. Damus,
AR56_01_046,AR,جرجي دمتري سرسق,Girgi Dimitri Sursock,
AR56_01_047,AR,جرجي دمتري سرسق,Girgi Dimitri Sursock,
AR56_01_048,AR,جرجي دمتري سرسق,Girgi Dimitri Sursock,
AR56_01_049,AR,جرجي دمتري سرسق,Girgi Dimitri Sursock,
AR56_01_052,AR,جرجي دمتري سرسق,Girgi Dimitri Sursock,
AR56_01_053,AR,جرجي دمتري سرسق,Girgi Dimitri Sursock,
AR56_01_054,AR,جرجي دمتري سرسق,Girgi Dimitri Sursock,
AR56_01_055,AR,جرجي دمتري سرسق,Girgi Dimitri Sursock,
AR56_01_058,AR,فليكس فارس,Felix Faris,
AR56_01_059,AR,فليكس فارس,Felix Faris,
AR56_01_060,AR,فليكس فارس,Felix Faris,
AR56_01_061,AR,فليكس فارس,Felix Faris,
AR56_01_062,AR,فليكس فارس,Felix Faris,
AR56_01_064,AR,فليكس فارس,Felix Faris,
AR56_01_065,AR,فليكس فارس,Felix Faris,
AR56_01_066,AR,فليكس فارس,Felix Faris,
AR56_01_067,AR,فليكس فارس,Felix Faris,
AR56_01_077_1,AR,فليكس فارس,Felix Faris,
AR56_01_077_2,AR,فليكس فارس,Felix Faris,
AR56_01_078_1,AR,فليكس فارس,Felix Faris,
AR56_01_078_2,AR,فليكس فارس,Felix Faris,
AR56_02_002_1,AR,فليكس فارس,Felix Faris,
AR56_02_002_2,AR,فليكس فارس,Felix Faris,
AR56_02_003_1,AR,فليكس فارس,Felix Faris,
AR56_02_003_2,AR,فليكس فارس,Felix Faris,
AR56_02_006,AR,محمد الحسين النجفي,Muhammad Hussain Najafi,
AR56_02_013_1,AR,ميّ زيادة,May Ziadeh,
AR56_02_013_2,AR,ميّ زيادة,May Ziadeh,
AR56_02_014_1,AR,ميّ زيادة,May Ziadeh,
AR56_02_014_2,AR,ميّ زيادة,May Ziadeh,
AR56_02_016,AR,فليكس فارس,Felix Faris,
AR56_02_017,AR,فليكس فارس,Felix Faris,
AR56_02_018,AR,فليكس فارس,Felix Faris,
AR56_03_002,AR,فيكتور شميل,Victor Shemil,
AR56_03_003,AR,احمد شاكر الكرمي,Ahmed Shakir alKarmi,
AR56_03_004,AR,فليكس فارس,Felix Faris,
AR56_03_005,AR,فليكس فارس,Felix Faris,
AR56_03_006,AR,فليكس فارس,Felix Faris,
AR56_03_007,AR,ايليا ابو ماضي,Elia Abu Madi,
AR56_03_008,AR,ايليا ابو ماضي,Elia Abu Madi,
AR56_03_012,AR,عبد العزيز بن عبد الرحمن ال فيصل ال سعود,Abdulaziz bin Abdul Rahman Al Faisal Al Saud,
AR56_03_013,AR,عبد العزيز بن عبد الرحمن ال فيصل ال سعود,Abdulaziz bin Abdul Rahman Al Faisal Al Saud,
AR56_03_017,AR,عبد العزيز بن عبد الرحمن ال فيصل ال سعود,Abdulaziz bin Abdul Rahman Al Faisal Al Saud,
AR56_03_018,AR,عبد العزيز بن عبد الرحمن ال فيصل ال سعود,Abdulaziz bin Abdul Rahman Al Faisal Al Saud,
AR56_03_019,AR,عبد العزيز بن عبد الرحمن ال فيصل ال سعود,Abdulaziz bin Abdul Rahman Al Faisal Al Saud,
AR56_03_023,AR,عبد العزيز بن عبد الرحمن ال فيصل ال سعود,Abdulaziz bin Abdul Rahman Al Faisal Al Saud,
AR56_03_024,AR,عبد العزيز بن عبد الرحمن ال فيصل ال سعود,Abdulaziz bin Abdul Rahman Al Faisal Al Saud,
AR56_03_025,AR,عبد العزيز بن عبد الرحمن ال فيصل ال سعود,Abdulaziz bin Abdul Rahman Al Faisal Al Saud,
AR56_03_030,AR,عبد العزيز بن عبد الرحمن ال فيصل ال سعود,Abdulaziz bin Abdul Rahman Al Faisal Al Saud,
AR56_03_031,AR,عبد العزيز بن عبد الرحمن ال فيصل ال سعود,Abdulaziz bin Abdul Rahman Al Faisal Al Saud,
AR56_03_032,AR,عبد العزيز بن عبد الرحمن ال فيصل ال سعود,Abdulaziz bin Abdul Rahman Al Faisal Al Saud,
AR56_03_033,AR,عبد العزيز بن عبد الرحمن ال فيصل ال سعود,Abdulaziz bin Abdul Rahman Al Faisal Al Saud,
AR56_03_034,AR,عبد العزيز بن عبد الرحمن ال فيصل ال سعود,Abdulaziz bin Abdul Rahman Al Faisal Al Saud,
AR56_03_035,AR,عبد العزيز بن عبد الرحمن ال فيصل ال سعود,Abdulaziz bin Abdul Rahman Al Faisal Al Saud,
AR56_03_036,AR,عبد العزيز بن عبد الرحمن ال فيصل ال سعود,Abdulaziz bin Abdul Rahman Al Faisal Al Saud,
AR56_03_037,AR,عبد العزيز بن عبد الرحمن ال فيصل ال سعود,Abdulaziz bin Abdul Rahman Al Faisal Al Saud,
AR56_03_039,AR,ميّ زيادة,May Ziadeh,
AR56_03_040,AR,ميّ زيادة,May Ziadeh,
AR56_03_041,AR,ميّ زيادة,May Ziadeh,
AR56_03_057,AR,عبد العزيز بن عبد الرحمن ال فيصل ال سعود,Abdulaziz bin Abdul Rahman Al Faisal Al Saud,
AR56_03_058,AR,محمد امين الحسيني,Mohammed Amin al-Husseini ,
AR56_03_059,AR,محمد امين الحسيني,Mohammed Amin al-Husseini ,
AR56_03_065,AR,عبد العزيز بن عبد الرحمن ال فيصل ال سعود,Abdulaziz bin Abdul Rahman Al Faisal Al Saud,
AR56_03_066,AR,عبد العزيز بن عبد الرحمن ال فيصل ال سعود,Abdulaziz bin Abdul Rahman Al Faisal Al Saud,
AR56_03_070,AR,أغناطيوس كراتشقوفسكي الروسي,Prof. Ign. Kratchkovsky,
AR56_03_071,AR,أغناطيوس كراتشقوفسكي الروسي,Prof. Ign. Kratchkovsky,
AR56_03_076,AR,عبد العزيز بن عبد الرحمن ال فيصل ال سعود,Abdulaziz bin Abdul Rahman Al Faisal Al Saud,
AR56_03_080,AR,أغناطيوس كراتشقوفسكي الروسي,Prof. Ign. Kratchkovsky,
AR56_04_012,AR,أغناطيوس كراتشقوفسكي الروسي,Prof. Ign. Kratchkovsky,
AR56_04_017,AR,جريس القسوس,Jirjis alKsus,
AR56_04_018,AR,جريس القسوس,Jirjis alKsus,
AR56_04_029,AR,ابراهيم مجاهد الجزائري,Ibrahim Mejahid alJaza'eri,
AR56_04_030,AR,ابراهيم مجاهد الجزائري,Ibrahim Mejahid alJaza'eri,
AR56_04_031,AR,ابراهيم مجاهد الجزائري,Ibrahim Mejahid alJaza'eri,
AR56_04_033,AR,محمد الحسين النجفي,Muhammad Hussain Najafi,
AR56_04_034,AR,محمد امين الحسيني,Mohammed Amin al-Husseini ,
AR56_04_035,AR,داود مجاعص,Daoud Mujaés,
AR56_04_036,AR,داود مجاعص,Daoud Mujaés,
AR56_04_037,AR,داود مجاعص,Daoud Mujaés,
AR56_04_038,AR,داود مجاعص,Daoud Mujaés,
AR56_04_039,AR,أغناطيوس كراتشقوفسكي الروسي,Prof. Ign. Kratchkovsky,
AR56_04_047,AR,أغناطيوس كراتشقوفسكي الروسي,Prof. Ign. Kratchkovsky,
AR56_04_071,AR,فليكس فارس,Felix Faris,
AR56_04_082,AR,فليكس فارس,Felix Faris,
AR56_04_083,AR,فليكس فارس,Felix Faris,
AR56_04_084,AR,فليكس فارس,Felix Faris,
AR56_04_088,AR,ميّ زيادة,May Ziadeh,
AR56_04_089,AR,ميّ زيادة,May Ziadeh,
AR56_04_090,AR,ميّ زيادة,May Ziadeh,
AR56_04_091,AR,ميّ زيادة,May Ziadeh,
AR56_04_092,AR,ميّ زيادة,May Ziadeh,
AR67_002,AR,أمين الريحاني,Ameen Rihani,
AR67_003,AR,أمين الريحاني,Ameen Rihani,
AR67_004,AR,أمين الريحاني,Ameen Rihani,
AR69_003,AR,أمين الريحاني,Ameen Rihani,
AR69_004,AR,أمين الريحاني,Ameen Rihani,
AR69_005,AR,أمين الريحاني,Ameen Rihani,
AR69_006,AR,أمين الريحاني,Ameen Rihani,
AR69_007,AR,أمين الريحاني,Ameen Rihani,
Baddour_ArabicLetter_1,Baddour,,,
Baddour_ArabicLetter_2,Baddour,,,
Baddour_Letter-1,Baddour,,,
BEK1A_02r,BEK,بشارة الخوري,Bechara El Khoury,
BEK1A_27_01r,BEK,بشارة الخوري,Bechara El Khoury,
BEK1A_27_01r-,BEK,بشارة الخوري,Bechara El Khoury,
BEK1A_27_02r,BEK,بشارة الخوري,Bechara El Khoury,
BEK1A_27_02r-,BEK,بشارة الخوري,Bechara El Khoury,
BEK2A_05_02r,BEK,بشارة الخوري,Bechara El Khoury,
BEK2A_05_02v,BEK,,,
BEK2A_05_03r,BEK,,,
BEK2A_05_03v,BEK,,,
EAC_A_039_049r,EAC,إلياس أبو شبكة,Elias Abu Shabaki,
EAC_A_039_050r,EAC,إلياس أبو شبكة,Elias Abu Shabaki,
EAC_A_039_059r,EAC,إلياس أبو شبكة,Elias Abu Shabaki,
EAC_A_039_060r,EAC,إلياس أبو شبكة,Elias Abu Shabaki,
EAC_A_039_062r,EAC,إلياس أبو شبكة,Elias Abu Shabaki,
EAC_A_039_063r,EAC,إلياس أبو شبكة,Elias Abu Shabaki,
EAC_A_039_064r,EAC,إلياس أبو شبكة,Elias Abu Shabaki,
EAC_A_039_065r,EAC,إلياس أبو شبكة,Elias Abu Shabaki,
EAC_B_006r,EAC,حبيب ,Habib,
EAC_C_001r,EAC,ادهم الجندي,Adham Al Jundi,
EAC_C_002r,EAC,عبد الخالق فريد,Abd al-Khaliq Farid,
EAC_C_008r,EAC,عبد الخالق فريد,Abd al-Khaliq Farid,
EAC_D_047B,EAC,,,
EAC_D_047C,EAC,,,
EAC_D_047E,EAC,,,
EAC_D_047I,EAC,,,
EAC_D_047M,EAC,,,
EAC_D_051F,EAC,إيلي مارون خليل,Elie Maroun Khalil,
EAC_D_051G,EAC,إيلي مارون خليل,Elie Maroun Khalil,
EAC_D_051H,EAC,إيلي مارون خليل,Elie Maroun Khalil,
EAC_D_051I,EAC,إيلي مارون خليل,Elie Maroun Khalil,
EAK1A_033r,EAK,,,
EAK1A_040r,EAK,,,
EAK1A_046_01r,EAK,,,
EAK1A_050_01r,EAK,,,
EAK1A_050_01v,EAK,,,
EAK1A_051r,EAK,,,
EAK1A_052r,EAK,,,
EAK1A_080r,EAK,,,
EAK1A_142r,EAK,المطران؟,Maronite Bishop of Sidon,
EAK1A_142v,EAK,المطران؟,Maronite Bishop of Sidon,
EAK1A_162r,EAK,,,
EAK1A_172_01r,EAK,,,
EAK1A_178_01r,EAK,,,
EAK1A_195_01r,EAK,,,
EAK1A_195_01v,EAK,,,
EAK1A_195_02r,EAK,,,
EAK1A_195_02v,EAK,,,
EAK1A_681_01r,EAK,,,
EAK1A_681_01v,EAK,,,
ES1D_18_01,ES,إلياس سركيس,President Elias Sarkis,
ES1D_18_02,ES,إلياس سركيس,President Elias Sarkis,
ES1D_18_03,ES,إلياس سركيس,President Elias Sarkis,
ES1D_18_04,ES,إلياس سركيس,President Elias Sarkis,
ES1D_19_01,ES,إلياس سركيس,President Elias Sarkis,
ES1D_19_02,ES,إلياس سركيس,President Elias Sarkis,
ES1D_19_03,ES,إلياس سركيس,President Elias Sarkis,
ES1D_19_04,ES,إلياس سركيس,President Elias Sarkis,
ES1D_19_05,ES,إلياس سركيس,President Elias Sarkis,
ES1D_19_06,ES,إلياس سركيس,President Elias Sarkis,
ES1D_19_07,ES,إلياس سركيس,President Elias Sarkis,
ES4A_03_01,ES,إلياس سركيس,President Elias Sarkis,
ES4A_03_02,ES,إلياس سركيس,President Elias Sarkis,
ES4A_03_03,ES,إلياس سركيس,President Elias Sarkis,
ES4A_03_04,ES,إلياس سركيس,President Elias Sarkis,
ES4A_03_05,ES,إلياس سركيس,President Elias Sarkis,
ES4A_04r,ES,إلياس سركيس,President Elias Sarkis,
ES4A_04v,ES,إلياس سركيس,President Elias Sarkis,
FC2C_11_04,FC,فؤاد شهاب,President Fouad Chehab,
FC2C_11_05,FC,فؤاد شهاب,President Fouad Chehab,
FC2C_11_06,FC,فؤاد شهاب,President Fouad Chehab,
FC2C_11_07,FC,فؤاد شهاب,President Fouad Chehab,
FC2C_11_08,FC,فؤاد شهاب,President Fouad Chehab,
FC2C_11_10,FC,فؤاد شهاب,President Fouad Chehab,
FC2C_11_11,FC,فؤاد شهاب,President Fouad Chehab,
FC2C_11_12,FC,فؤاد شهاب,President Fouad Chehab,
FC2C_11_13,FC,فؤاد شهاب,President Fouad Chehab,
FC2C_11_14,FC,فؤاد شهاب,President Fouad Chehab,
FC2C_11_15,FC,فؤاد شهاب,President Fouad Chehab,
FC2C_11_16,FC,فؤاد شهاب,President Fouad Chehab,
FC2C_11_17,FC,فؤاد شهاب,President Fouad Chehab,
FC2C_11_18,FC,فؤاد شهاب,President Fouad Chehab,
FC2C_11_19,FC,فؤاد شهاب,President Fouad Chehab,
FC2C_11_20,FC,فؤاد شهاب,President Fouad Chehab,
FC2C_11_21,FC,فؤاد شهاب,President Fouad Chehab,
FC2C_11_22,FC,فؤاد شهاب,President Fouad Chehab,
FC2C_11_23,FC,فؤاد شهاب,President Fouad Chehab,
FC2C_11_24,FC,فؤاد شهاب,President Fouad Chehab,
FC2C_11_25,FC,فؤاد شهاب,President Fouad Chehab,
HM1B_04_04r,HM,الشاعر حنا موسى,Poet Hanna Moussa ,
HM1B_04_06r,HM,الشاعر حنا موسى,Poet Hanna Moussa ,
HM1B_04_06v,HM,الشاعر حنا موسى,Poet Hanna Moussa ,
JoM_Kobayat_0078,JoM,,,
JoM_Kobayat_0087,JoM,الخورى بطرس حسن,Father Boutros Hassan,
JoM_Kobayat_0091,JoM,,,
JoM_Kobayat_0092,JoM,,,
JoM_Kobayat_0093,JoM,,,
JoM_Kobayat_0112,JoM,,,
JoM_Kobayat_0114,JoM,,,
JoM_Kobayat_0118,JoM,,,
JoM_Kobayat_0122,JoM,,,
JoM_Kobayat_0162,JoM,,,
JoM_Kobayat_0211,JoM,ميخايل ضاهر,Mikhail Dhaher,
JoM_Kobayat_0248,JoM,,,
JoM_Kobayat_0297,JoM,,,
JoM_Kobayat_0303,JoM,الخوري مخايل الزريبي,Father Mkhayel Zreiby,
JoM_Kobayat_0304,JoM,,,
JoM_Kobayat_0311,JoM,عموم أهالي ربلة,All the people of Rablah,
JoM_Kobayat_0319,JoM,,,
JoM_Kobayat_0320,JoM,الخوري بطرس الشدياق,Father Boutros Chidiac,
JoM_Kobayat_0324,JoM,,,
JoM_Kobayat_0399,JoM,,,
JoM_Kobayat_0406,JoM,,,
JoM_Kobayat_0442,JoM,الخوري يوسف,Father Yousef,
JoM_Kobayat_0445,JoM,اولاد موارنة قضاء عكار,Maronite children of Akkar district,
JoM_Kobayat_0546,JoM,الخوري يوحنا حبيب البيسري,Father Youhanna Habib Baysari,
JoM_Kobayat_0547,JoM,الخوري يوحنا حبيب البيسري,Father Youhanna Habib Baysari,
JoM_Kobayat_0548,JoM,الخوري يوحنا حبيب البيسري,Father Youhanna Habib Baysari,
JoM_Kobayat_0565,JoM,الخوري يوحنا حبيب البيسري,Father Youhanna Habib Baysari,
JoM_Kobayat_0566,JoM,الخوري يوحنا حبيب البيسري,Father Youhanna Habib Baysari,
JoM_Kobayat_0567,JoM,الخوري يوحنا حبيب البيسري,Father Youhanna Habib Baysari,
JoM_Kobayat_0573,JoM,,,
JoM_Kobayat_0579,JoM,,,
JoM_Kobayat_0589,JoM,الخوري مخايل الزريبي,Father Mkhayel Zreiby,
JoM_Kobayat_0590,JoM,الخوري مخايل الزريبي,Father Mkhayel Zreiby,
JoM_Kobayat_0592,JoM,الخوري مخايل الزريبي,Father Mkhayel Zreiby,
JoM_Kobayat_0593,JoM,الخوري مخايل الزريبي,Father Mkhayel Zreiby,
JoM_Kobayat_0594,JoM,الخوري مخايل الزريبي,Father Mkhayel Zreiby,
JoM_Kobayat_0624,JoM,,,
JoM_Kobayat_0625,JoM,,,
JoM_Kobayat_0626,JoM,,,
JoM_Kobayat_0627,JoM,,,
JoM_Kobayat_0628,JoM,,,
JoM_Kobayat_0629,JoM,,,
JoM_Kobayat_0632,JoM,,,
JoM_Kobayat_0633,JoM,,,
JoM_Kobayat_0638,JoM,,,
JoM_Kobayat_0641,JoM,إلياس آصاف,Elias Asaf,
JoM_Kobayat_0642,JoM,إلياس آصاف,Elias Asaf,
JoM_Kobayat_0661,JoM,,,
JoM_Kobayat_0662,JoM,,,
JoM_Kobayat_0663,JoM,,,
JoM_Kobayat_0664,JoM,,,
JoM_Kobayat_0665,JoM,,,
JoM_Kobayat_0673,JoM,,,
JoM_Kobayat_0674,JoM,,,
JoM_Kobayat_0681,JoM,,,
JoM_Kobayat_0682,JoM,,,
JoM_Kobayat_0690,JoM,,,
JoM_Kobayat_0694,JoM,الخوري يوحنا حبيب البيسري,Father Youhanna Habib Baysari,
JoM_Kobayat_0721,JoM,,,
JoM_Kobayat_0762,JoM,,,
JoM_Kobayat_0763,JoM,,,
JoM_Kobayat_0787,JoM,,,
JoM_Kobayat_0826,JoM,,,
JoM_Kobayat_0997,JoM,محول حروح,Muhawwel Harouh,
JoM_Kobayat_0998,JoM,الخوري مخائل حنا,Father Mikhael Hanna,
JoM_Kobayat_1009,JoM,وردى الخوري,Warda El Khoury,
JoM_Kobayat_1013,JoM,الخوري مخائل حنا,Father Mikhael Hanna,
JoM_Kobayat_1014,JoM,الخوري مخائل حنا,Father Mikhael Hanna,
JoM_Kobayat_1015,JoM,الخوري مخائل حنا,Father Mikhael Hanna,
JPK2B_096_03,JPK,جان كميد,Jean Philipp Kmeid,
JPK2B_096_04,JPK,جان كميد,Jean Philipp Kmeid,
JPK2B_096_05,JPK,جان كميد,Jean Philipp Kmeid,
JPK2B_42_01,JPK,جان كميد,Jean Philipp Kmeid,
JPK2B_42_02,JPK,جان كميد,Jean Philipp Kmeid,
JPK2B_45_01,JPK,جان كميد,Jean Philipp Kmeid,
JPK2B_45_02,JPK,جان كميد,Jean Philipp Kmeid,
JPK2B_53_01,JPK,جان كميد,Jean Philipp Kmeid,
JPK2B_53_02,JPK,جان كميد,Jean Philipp Kmeid,
JPK2B_56_01,JPK,جان كميد,Jean Philipp Kmeid,
JPK2B_56_02,JPK,جان كميد,Jean Philipp Kmeid,
JPK2B_57_01,JPK,جان كميد,Jean Philipp Kmeid,
JPK2B_57_02,JPK,جان كميد,Jean Philipp Kmeid,
JPK2B_65,JPK,جان كميد,Jean Philipp Kmeid,
JPK2B_69_01,JPK,جان كميد,Jean Philipp Kmeid,
JPK2B_69_02,JPK,جان كميد,Jean Philipp Kmeid,
JPK2B_78_01,JPK,جان كميد,Jean Philipp Kmeid,
JPK2B_78_02,JPK,جان كميد,Jean Philipp Kmeid,
JPK2B_78_03,JPK,جان كميد,Jean Philipp Kmeid,
JPK2B_78_04,JPK,جان كميد,Jean Philipp Kmeid,
kc0061_01_01_19121203_001a,kc0061,جرجي نقولا خطار الشويري,Jerji Nicola Khattar al-Chuayri,
kc0061_01_01_19121203_001b,kc0061,جرجي نقولا خطار الشويري,Jerji Nicola Khattar al-Chuayri,
kc0061_01_02_19151008_001a,kc0061,عبد الحاج,Abd al-Hajj,
kc0061_01_02_19151008_001b,kc0061,عبد الحاج,Abd al-Hajj,
kc0061_01_03_19201107_001_1,kc0061,ميشال صيقلي,Michel Saykali,
kc0061_01_03_19201107_001_2,kc0061,ميشال صيقلي,Michel Saykali,
kc0061_01_03_19201109_001,kc0061,ميشال صيقلي,Michel Saykali,
kc0061_01_03_19201109_002,kc0061,ميشال صيقلي,Michel Saykali,
kc0061_01_03_19201109_003,kc0061,ميشال صيقلي,Michel Saykali,
kc0061_01_03_19201109_004,kc0061,ميشال صيقلي,Michel Saykali,
kc0061_01_03_19201111_001,kc0061,ميشال صيقلي,Michel Saykali,
kc0061_01_03_19201111_002,kc0061,ميشال صيقلي,Michel Saykali,
kc0061_01_03_19201111_003,kc0061,ميشال صيقلي,Michel Saykali,
kc0061_01_03_19201113_001,kc0061,ميشال صيقلي,Michel Saykali,
kc0061_01_03_19201113_002,kc0061,ميشال صيقلي,Michel Saykali,
kc0061_01_03_19201113_003,kc0061,ميشال صيقلي,Michel Saykali,
kc0061_01_03_19201119_001,kc0061,ميشال صيقلي,Michel Saykali,
kc0061_01_03_19201119_002,kc0061,ميشال صيقلي,Michel Saykali,
kc0061_01_03_19201119_003,kc0061,ميشال صيقلي,Michel Saykali,
kc0061_01_03_19201127_001,kc0061,ميشال صيقلي,Michel Saykali,
kc0061_01_03_19201200_001a,kc0061,ميشال صيقلي,Michel Saykali,
kc0061_01_04_19210106_001,kc0061,ميشال صيقلي,Michel Saykali,
kc0061_01_04_19210106_002,kc0061,ميشال صيقلي,Michel Saykali,
kc0061_01_04_19210106_003,kc0061,ميشال صيقلي,Michel Saykali,
kc0061_01_04_19210106_004,kc0061,ميشال صيقلي,Michel Saykali,
kc0061_01_04_19210128_001,kc0061,ميشال صيقلي,Michel Saykali,
kc0061_01_04_19210209_001a,kc0061,ميشال صيقلي,Michel Saykali,
kc0061_01_04_19210209_001b,kc0061,ميشال صيقلي,Michel Saykali,
kc0061_01_04_19210223_001,kc0061,ميشال صيقلي,Michel Saykali,
kc0061_01_04_19210223_002,kc0061,ميشال صيقلي,Michel Saykali,
kc0061_01_04_19210223_003,kc0061,ميشال صيقلي,Michel Saykali,
kc0061_01_04_19210223_004,kc0061,ميشال صيقلي,Michel Saykali,
kc0061_01_04_19210316_001,kc0061,ميشال صيقلي,Michel Saykali,
kc0061_01_04_19210316_002,kc0061,ميشال صيقلي,Michel Saykali,
kc0061_01_04_19210316_003,kc0061,ميشال صيقلي,Michel Saykali,
kc0061_01_04_19210316_004,kc0061,ميشال صيقلي,Michel Saykali,
kc0061_01_04_19210402_001a,kc0061,ميشال صيقلي,Michel Saykali,
kc0061_01_04_19210402_001b,kc0061,ميشال صيقلي,Michel Saykali,
kc0061_01_04_19210406_001,kc0061,ميشال صيقلي,Michel Saykali,
kc0061_01_04_19210412_001a,kc0061,ميشال صيقلي,Michel Saykali,
kc0061_01_04_19210412_001b,kc0061,ميشال صيقلي,Michel Saykali,
kc0061_01_04_19210417_001,kc0061,ميشال صيقلي,Michel Saykali,
kc0061_01_04_19210419_001a,kc0061,ميشال صيقلي,Michel Saykali,
kc0061_01_04_19210419_001b,kc0061,ميشال صيقلي,Michel Saykali,
kc0061_01_04_19210504_001b,kc0061,ميشال صيقلي,Michel Saykali,
kc0061_01_04_19210512_001,kc0061,ميشال صيقلي,Michel Saykali,
kc0061_01_04_19210512_002,kc0061,ميشال صيقلي,Michel Saykali,
kc0061_01_04_19210513_001,kc0061,ميشال صيقلي,Michel Saykali,
kc0061_01_04_19210526_001,kc0061,ميشال صيقلي,Michel Saykali,
kc0066_01_01_1873diary_005,kc0066,حنا غيث (خوان جايت),Hanna Ghayth (Juan Gait),
kc0066_01_01_1873diary_006,kc0066,حنا غيث (خوان جايت),Hanna Ghayth (Juan Gait),
kc0066_01_01_1873diary_007,kc0066,حنا غيث (خوان جايت),Hanna Ghayth (Juan Gait),
kc0066_01_01_1873diary_008,kc0066,حنا غيث (خوان جايت),Hanna Ghayth (Juan Gait),
kc0066_01_01_1873diary_009,kc0066,حنا غيث (خوان جايت),Hanna Ghayth (Juan Gait),
kc0066_01_01_1873diary_010,kc0066,حنا غيث (خوان جايت),Hanna Ghayth (Juan Gait),
kc0066_01_01_1873diary_011,kc0066,حنا غيث (خوان جايت),Hanna Ghayth (Juan Gait),
kc0066_01_01_1873diary_012,kc0066,حنا غيث (خوان جايت),Hanna Ghayth (Juan Gait),
kc0066_01_01_1873diary_013,kc0066,حنا غيث (خوان جايت),Hanna Ghayth (Juan Gait),
kc0066_01_01_1873diary_014,kc0066,حنا غيث (خوان جايت),Hanna Ghayth (Juan Gait),
kc0066_01_01_1873diary_015,kc0066,حنا غيث (خوان جايت),Hanna Ghayth (Juan Gait),
kc0066_01_01_1873diary_016,kc0066,حنا غيث (خوان جايت),Hanna Ghayth (Juan Gait),
kc0066_01_01_1873diary_017,kc0066,حنا غيث (خوان جايت),Hanna Ghayth (Juan Gait),
kc0066_01_01_1873diary_018,kc0066,حنا غيث (خوان جايت),Hanna Ghayth (Juan Gait),
kc0066_01_01_1873diary_019,kc0066,حنا غيث (خوان جايت),Hanna Ghayth (Juan Gait),
kc0066_01_01_1873diary_020,kc0066,حنا غيث (خوان جايت),Hanna Ghayth (Juan Gait),
kc0066_01_01_1873diary_021,kc0066,حنا غيث (خوان جايت),Hanna Ghayth (Juan Gait),
kc0066_01_01_1873diary_022,kc0066,حنا غيث (خوان جايت),Hanna Ghayth (Juan Gait),
kc0066_01_01_1873diary_025,kc0066,حنا غيث (خوان جايت),Hanna Ghayth (Juan Gait),
kc0066_01_01_1873diary_026,kc0066,حنا غيث (خوان جايت),Hanna Ghayth (Juan Gait),
kc0066_01_01_1873diary_027,kc0066,حنا غيث (خوان جايت),Hanna Ghayth (Juan Gait),
kc0066_01_01_1873diary_028,kc0066,حنا غيث (خوان جايت),Hanna Ghayth (Juan Gait),
kc0066_01_01_1873diary_029,kc0066,حنا غيث (خوان جايت),Hanna Ghayth (Juan Gait),
kc0066_01_01_1873diary_030,kc0066,حنا غيث (خوان جايت),Hanna Ghayth (Juan Gait),
kc0066_01_01_1873diary_031,kc0066,حنا غيث (خوان جايت),Hanna Ghayth (Juan Gait),
kc0066_01_01_1873diary_032,kc0066,حنا غيث (خوان جايت),Hanna Ghayth (Juan Gait),
kc0066_01_01_1873diary_033,kc0066,حنا غيث (خوان جايت),Hanna Ghayth (Juan Gait),
kc0066_01_01_1873diary_034,kc0066,حنا غيث (خوان جايت),Hanna Ghayth (Juan Gait),
kc0066_01_01_1873diary_035,kc0066,حنا غيث (خوان جايت),Hanna Ghayth (Juan Gait),
kc0066_01_01_1873diary_036,kc0066,حنا غيث (خوان جايت),Hanna Ghayth (Juan Gait),
kc0066_01_01_1873diary_037,kc0066,حنا غيث (خوان جايت),Hanna Ghayth (Juan Gait),
kc0066_01_01_1873diary_038,kc0066,حنا غيث (خوان جايت),Hanna Ghayth (Juan Gait),
kc0066_01_01_1873diary_039,kc0066,حنا غيث (خوان جايت),Hanna Ghayth (Juan Gait),
kc0066_01_01_1873diary_040,kc0066,حنا غيث (خوان جايت),Hanna Ghayth (Juan Gait),
kc0066_01_01_1873diary_041,kc0066,حنا غيث (خوان جايت),Hanna Ghayth (Juan Gait),
kc0066_01_01_1873diary_042,kc0066,حنا غيث (خوان جايت),Hanna Ghayth (Juan Gait),
kc0066_01_01_1873diary_043,kc0066,حنا غيث (خوان جايت),Hanna Ghayth (Juan Gait),
kc0066_01_01_1873diary_044,kc0066,حنا غيث (خوان جايت),Hanna Ghayth (Juan Gait),
kc0066_01_01_1873diary_045,kc0066,حنا غيث (خوان جايت),Hanna Ghayth (Juan Gait),
kc0066_01_01_1873diary_046,kc0066,حنا غيث (خوان جايت),Hanna Ghayth (Juan Gait),
kc0066_01_01_1873diary_047,kc0066,حنا غيث (خوان جايت),Hanna Ghayth (Juan Gait),
kc0066_01_01_1873diary_048,kc0066,حنا غيث (خوان جايت),Hanna Ghayth (Juan Gait),
kc0066_01_01_1873diary_049,kc0066,حنا غيث (خوان جايت),Hanna Ghayth (Juan Gait),
kc0066_01_01_1873diary_050,kc0066,حنا غيث (خوان جايت),Hanna Ghayth (Juan Gait),
kc0066_01_01_1873diary_051,kc0066,حنا غيث (خوان جايت),Hanna Ghayth (Juan Gait),
kc0066_01_01_1873diary_052,kc0066,حنا غيث (خوان جايت),Hanna Ghayth (Juan Gait),
kc0066_01_01_1873diary_053,kc0066,حنا غيث (خوان جايت),Hanna Ghayth (Juan Gait),
kc0066_01_01_1873diary_054,kc0066,حنا غيث (خوان جايت),Hanna Ghayth (Juan Gait),
kc0066_01_01_1873diary_055,kc0066,حنا غيث (خوان جايت),Hanna Ghayth (Juan Gait),
kc0066_01_01_1873diary_056,kc0066,حنا غيث (خوان جايت),Hanna Ghayth (Juan Gait),
kc0066_01_01_1873diary_057,kc0066,حنا غيث (خوان جايت),Hanna Ghayth (Juan Gait),
kc0066_01_01_1873diary_058,kc0066,حنا غيث (خوان جايت),Hanna Ghayth (Juan Gait),
kc0066_01_01_1873diary_059,kc0066,حنا غيث (خوان جايت),Hanna Ghayth (Juan Gait),
kc0066_01_01_1873diary_061,kc0066,حنا غيث (خوان جايت),Hanna Ghayth (Juan Gait),
kc0066_01_01_1873diary_062,kc0066,حنا غيث (خوان جايت),Hanna Ghayth (Juan Gait),
kc0066_01_01_1873diary_063,kc0066,حنا غيث (خوان جايت),Hanna Ghayth (Juan Gait),
kc0066_01_01_1873diary_064,kc0066,حنا غيث (خوان جايت),Hanna Ghayth (Juan Gait),
kc0066_01_01_1873diary_065,kc0066,حنا غيث (خوان جايت),Hanna Ghayth (Juan Gait),
kc0066_01_01_1873diary_077,kc0066,حنا غيث (خوان جايت),Hanna Ghayth (Juan Gait),
kc0066_01_01_1873diary_078,kc0066,حنا غيث (خوان جايت),Hanna Ghayth (Juan Gait),
kc0066_01_01_1873diary_164,kc0066,حنا غيث (خوان جايت),Hanna Ghayth (Juan Gait),
kc0066_01_01_1873diary_165,kc0066,حنا غيث (خوان جايت),Hanna Ghayth (Juan Gait),
kc0066_01_01_1873diary_166,kc0066,حنا غيث (خوان جايت),Hanna Ghayth (Juan Gait),
kc0066_01_01_1873diary_167,kc0066,حنا غيث (خوان جايت),Hanna Ghayth (Juan Gait),
kc0066_01_01_1873diary_168,kc0066,حنا غيث (خوان جايت),Hanna Ghayth (Juan Gait),
kc0066_01_01_1873diary_169,kc0066,حنا غيث (خوان جايت),Hanna Ghayth (Juan Gait),
kc0066_01_01_1873diary_170,kc0066,حنا غيث (خوان جايت),Hanna Ghayth (Juan Gait),
kc0066_01_01_1873diary_171,kc0066,حنا غيث (خوان جايت),Hanna Ghayth (Juan Gait),
KEllis2018-139a,KEllis,يوسف حبيش,Yousef Hobeiche,
KEllis2018-139b,KEllis,يوسف حبيش,Yousef Hobeiche,
KEllis2018-139c,KEllis,يوسف حبيش,Yousef Hobeiche,
KEllis2018-139d,KEllis,يوسف حبيش,Yousef Hobeiche,
KEllis2018-139e,KEllis,يوسف حبيش,Yousef Hobeiche,
KEllis2018-147e,KEllis,يوسف حبيش,Yousef Hobeiche,
KEllis2018-147f,KEllis,يوسف حبيش,Yousef Hobeiche,
KEllis2018-166a,KEllis,يوسف حبيش,Yousef Hobeiche,
KEllis2018-166b,KEllis,يوسف حبيش,Yousef Hobeiche,
KEllis2018-166c,KEllis,يوسف حبيش,Yousef Hobeiche,
KEllis2018-169a_1,KEllis,يوسف حبيش,Yousef Hobeiche,
KEllis2018-169a_2,KEllis,يوسف حبيش,Yousef Hobeiche,
KEllis2018-169b_1,KEllis,يوسف حبيش,Yousef Hobeiche,
KEllis2018-169b_2,KEllis,يوسف حبيش,Yousef Hobeiche,
KEllis2018-169c_1,KEllis,يوسف حبيش,Yousef Hobeiche,
KEllis2018-169c_2,KEllis,يوسف حبيش,Yousef Hobeiche,
KEllis2018-169d_1,KEllis,يوسف حبيش,Yousef Hobeiche,
KEllis2018-169d_2,KEllis,يوسف حبيش,Yousef Hobeiche,
KEllis2018-175a,KEllis,يوسف حبيش,Yousef Hobeiche,
KEllis2018-175b,KEllis,يوسف حبيش,Yousef Hobeiche,
KEllis2018-193a,KEllis,يوسف حبيش,Yousef Hobeiche,
KEllis2018-193b,KEllis,يوسف حبيش,Yousef Hobeiche,
KEllis2018-193c,KEllis,يوسف حبيش,Yousef Hobeiche,
KEllis2019-105a,KEllis,,,
KEllis2019-106a,KEllis,انجال إليس,Angele Ellis,
KEllis2020-137b,KEllis,,,
KEllis2020-138b,KEllis,انجال إليس,Angele Ellis,
KEllis2020-140d,KEllis,انجال إليس,Angele Ellis,
KEllis2020-147b,KEllis,يوسف حبيش,Yousef Hobeiche,
KEllis2020-173a,KEllis,انجال إليس,Angele Ellis,
KJoseph18910818-001,KJoseph,خليل يوسف نادر رعد,Khalil Yossuf Nader Raad,
KJoseph18910818-002,KJoseph,خليل يوسف نادر رعد,Khalil Yossuf Nader Raad,
KJoseph18970910-001,KJoseph,خليل يوسف نادر رعد,Khalil Yossuf Nader Raad,
KJoseph18970910-002,KJoseph,خليل يوسف نادر رعد,Khalil Yossuf Nader Raad,
KJoseph18990827-001_1,KJoseph,خليل يوسف نادر رعد,Khalil Yossuf Nader Raad,
KJoseph18990827-001_2,KJoseph,خليل يوسف نادر رعد,Khalil Yossuf Nader Raad,
KJoseph18990827-002_1,KJoseph,خليل يوسف نادر رعد,Khalil Yossuf Nader Raad,
KJoseph18990827-002_2,KJoseph,خليل يوسف نادر رعد,Khalil Yossuf Nader Raad,
KJoseph18990913-001_1,KJoseph,خليل يوسف نادر رعد,Khalil Yossuf Nader Raad,
KJoseph18990913-001_2,KJoseph,خليل يوسف نادر رعد,Khalil Yossuf Nader Raad,
KJoseph19020905-001,KJoseph,خليل يوسف نادر رعد,Khalil Yossuf Nader Raad,
KJoseph19020905-002,KJoseph,خليل يوسف نادر رعد,Khalil Yossuf Nader Raad,
KJoseph19030207-001,KJoseph,خليل يوسف نادر رعد,Khalil Yossuf Nader Raad,
KJoseph19040209-001,KJoseph,خليل يوسف نادر رعد,Khalil Yossuf Nader Raad,
KJoseph19040607-001,KJoseph,خليل يوسف نادر رعد,Khalil Yossuf Nader Raad,
KJoseph19040607-002,KJoseph,خليل يوسف نادر رعد,Khalil Yossuf Nader Raad,
KJoseph19040819-001,KJoseph,خليل يوسف نادر رعد,Khalil Yossuf Nader Raad,
KJoseph19040819-002,KJoseph,خليل يوسف نادر رعد,Khalil Yossuf Nader Raad,
KJoseph19040819-003,KJoseph,خليل يوسف نادر رعد,Khalil Yossuf Nader Raad,
KJoseph19040819-004,KJoseph,خليل يوسف نادر رعد,Khalil Yossuf Nader Raad,
KJoseph19050928-002,KJoseph,خليل يوسف نادر رعد,Khalil Yossuf Nader Raad,
KJoseph19080319-001,KJoseph,خليل يوسف نادر رعد,Khalil Yossuf Nader Raad,
MeM1C_10_02,MeM,بطرس البطريرك الانطاكى,Peter the Patriarch of Antioch,
MG1_046,MG,موريس الجميل,Maurice Gemayel,
MG1_047,MG,موريس الجميل,Maurice Gemayel,
MG1_048,MG,موريس الجميل,Maurice Gemayel,
MG1_050_01r,MG,قسطنطين الياس,Constantine Elias,
MG1_050_02r,MG,قسطنطين الياس,Constantine Elias,
MG1_051r,MG,,,
MG1_051v,MG,,,
MG1_057,MG,موريس الجميل,Maurice Gemayel,
MG1_061,MG,موريس الجميل,Maurice Gemayel,
MG1_064,MG,موريس الجميل,Maurice Gemayel,
MG1_150_01,MG,الداعي مرشد حبشي,Murshid Habashi,
MG1_150_02,MG,الداعي مرشد حبشي,Murshid Habashi,
MG1_150_03,MG,الداعي مرشد حبشي,Murshid Habashi,
MG1_150_04,MG,الداعي مرشد حبشي,Murshid Habashi,
MG1_256v,MG,الاب الياس ابي خير,Father Elias Abi Khair,
MG1_367,MG,,,
MG1_374_01,MG,,,
MG26_43_01,MG,,,
MG26_43_02,MG,,,
MG26_43_03,MG,,,
MG26_43_04,MG,,,
MG26_43_05,MG,,,
MG26_43_06,MG,,,
MG26_43_07,MG,,,
MG26_43_08,MG,,,
MG26_43_09,MG,,,
MG26_43_10,MG,,,
MG26_43_11,MG,,,
MG31_101_02,MG, حسن خليل,Hassan Khalil,
MG31_101_03,MG, حسن خليل,Hassan Khalil,
MK2A_07_01r,MK,ميشال قهوجي,Michel Kahwaji,
MK2A_07_02r,MK,ميشال قهوجي,Michel Kahwaji,
MK2A_07_03r,MK,ميشال قهوجي,Michel Kahwaji,
MK2A_07_04r,MK,ميشال قهوجي,Michel Kahwaji,
MK2A_07_05r,MK,ميشال قهوجي,Michel Kahwaji,
MK2A_07_06r,MK,ميشال قهوجي,Michel Kahwaji,
MK2A_07_07r,MK,ميشال قهوجي,Michel Kahwaji,
MK2A_07_08r,MK,ميشال قهوجي,Michel Kahwaji,
MK2A_07_09r,MK,ميشال قهوجي,Michel Kahwaji,
MK2A_07_10r,MK,ميشال قهوجي,Michel Kahwaji,
MK2A_07_11r,MK,ميشال قهوجي,Michel Kahwaji,
MK2A_07_12r,MK,ميشال قهوجي,Michel Kahwaji,
MK2A_07_13r,MK,ميشال قهوجي,Michel Kahwaji,
MK2A_07_14r,MK,ميشال قهوجي,Michel Kahwaji,
MK2A_07_15r,MK,ميشال قهوجي,Michel Kahwaji,
MK2A_07_16r,MK,ميشال قهوجي,Michel Kahwaji,
MK2A_07_17r,MK,ميشال قهوجي,Michel Kahwaji,
MK2A_07_18r,MK,ميشال قهوجي,Michel Kahwaji,
MK2A_07_19r,MK,ميشال قهوجي,Michel Kahwaji,
MK2A_07_20r,MK,ميشال قهوجي,Michel Kahwaji,
MK2A_07_21r,MK,ميشال قهوجي,Michel Kahwaji,
MK2A_08_01r,MK,ميشال قهوجي,Michel Kahwaji,
MK2A_08_02r,MK,ميشال قهوجي,Michel Kahwaji,
MK2A_08_03r,MK,ميشال قهوجي,Michel Kahwaji,
MK2A_08_04r,MK,ميشال قهوجي,Michel Kahwaji,
MUKF4A_01_003r,MUKF,,,
MUKF4A_01_003v,MUKF,,,
MUKF4A_01_004r,MUKF,,,
MUKF4A_01_013r,MUKF,,,
MUKF4A_01_025r,MUKF,,,
MUKF4A_02_002r,MUKF,,,
MUKF4A_02_002v,MUKF,,,
MUKF4A_02_003r,MUKF,,,
MUKF4A_02_003v,MUKF,,,
MUKF4A_02_004r,MUKF,,,
MUKF4A_02_004v,MUKF,,,
MUKF4A_02_005r,MUKF,,,
MUKF4A_02_005v,MUKF,,,
MUKF4A_02_009r,MUKF,,,
MUKF4A_02_009v,MUKF,,,
MUKF4A_02_086r,MUKF,,,
MUKF4A_15_29r,MUKF,,,
MUKF4A_15_29v,MUKF,,,
MUKF4A_15_31v,MUKF,,,
MUKF4A_15_35r,MUKF,,,
MUKF4A_15_35v,MUKF,,,
MUKF4A_15_36v,MUKF,,,
MUKF4A_15_37r,MUKF,,,
MUKF4A_15_37v,MUKF,,,
Nasrallah-Al001-010a,Nasrallah,إملي نصر الله,Emily Nasrallah,
Nasrallah-Al001-010b,Nasrallah,إملي نصر الله,Emily Nasrallah,
Nasrallah-Al001-010c,Nasrallah,إملي نصر الله,Emily Nasrallah,
Nasrallah-Al001-010d,Nasrallah,إملي نصر الله,Emily Nasrallah,
Nasrallah-Al001-010e,Nasrallah,إملي نصر الله,Emily Nasrallah,
Nasrallah-Al001-010f,Nasrallah,إملي نصر الله,Emily Nasrallah,
Nasrallah-Al001-010g,Nasrallah,إملي نصر الله,Emily Nasrallah,
Nasrallah-Al001-010h,Nasrallah,إملي نصر الله,Emily Nasrallah,
Nasrallah-Al001-010i,Nasrallah,إملي نصر الله,Emily Nasrallah,
Nasrallah-Al001-010j,Nasrallah,إملي نصر الله,Emily Nasrallah,
Nasrallah-Al001-010k,Nasrallah,إملي نصر الله,Emily Nasrallah,
Nasrallah-Al001-010l,Nasrallah,إملي نصر الله,Emily Nasrallah,
Nasrallah-Al001-010m,Nasrallah,إملي نصر الله,Emily Nasrallah,
Nasrallah-Al001-010n,Nasrallah,إملي نصر الله,Emily Nasrallah,
Nasrallah-Al001-011a,Nasrallah,إملي نصر الله,Emily Nasrallah,
Nasrallah-Al001-013b,Nasrallah,إملي نصر الله,Emily Nasrallah,
Nasrallah-Al001-013c,Nasrallah,إملي نصر الله,Emily Nasrallah,
Nasrallah-Al001-013d,Nasrallah,إملي نصر الله,Emily Nasrallah,
Nasrallah-Al001-013e,Nasrallah,إملي نصر الله,Emily Nasrallah,
Nasrallah-Al001-013f,Nasrallah,إملي نصر الله,Emily Nasrallah,
Nasrallah-Al001-013g,Nasrallah,إملي نصر الله,Emily Nasrallah,
Nasrallah-Al001-014b,Nasrallah,إملي نصر الله,Emily Nasrallah,
Nasrallah-Al001-014c,Nasrallah,إملي نصر الله,Emily Nasrallah,
Nasrallah-Al001-014d,Nasrallah,إملي نصر الله,Emily Nasrallah,
Nasrallah-Al001-014e,Nasrallah,إملي نصر الله,Emily Nasrallah,
Nasrallah-Al001-014f,Nasrallah,إملي نصر الله,Emily Nasrallah,
Nasrallah-Al001-014g,Nasrallah,إملي نصر الله,Emily Nasrallah,
Nasrallah-Al001-014h,Nasrallah,إملي نصر الله,Emily Nasrallah,
Nasrallah-Al001-026a,Nasrallah,إملي نصر الله,Emily Nasrallah,
Nasrallah-Al001-026b,Nasrallah,إملي نصر الله,Emily Nasrallah,
Nasrallah-Al001-034b,Nasrallah,إملي نصر الله,Emily Nasrallah,
Nasrallah-Al001-034d,Nasrallah,إملي نصر الله,Emily Nasrallah,
Nasrallah-Al001-034e,Nasrallah,إملي نصر الله,Emily Nasrallah,
Nasrallah-Al001-034f,Nasrallah,إملي نصر الله,Emily Nasrallah,
Nasrallah-Al001-034h,Nasrallah,إملي نصر الله,Emily Nasrallah,
Nasrallah-Al001-034i,Nasrallah,إملي نصر الله,Emily Nasrallah,
Nasrallah-Al001-034j,Nasrallah,إملي نصر الله,Emily Nasrallah,
Nasrallah-Al001-034k,Nasrallah,إملي نصر الله,Emily Nasrallah,
Nasrallah-Al001-034l,Nasrallah,إملي نصر الله,Emily Nasrallah,
Nasrallah-Al001-034m,Nasrallah,إملي نصر الله,Emily Nasrallah,
Nasrallah-Al001-034n,Nasrallah,إملي نصر الله,Emily Nasrallah,
Nasrallah-Al001-034p,Nasrallah,إملي نصر الله,Emily Nasrallah,
Nasrallah-Al001-034q,Nasrallah,إملي نصر الله,Emily Nasrallah,
Nasrallah-Al001-035a,Nasrallah,إملي نصر الله,Emily Nasrallah,
Nasrallah-Al001-035b,Nasrallah,إملي نصر الله,Emily Nasrallah,
Nasrallah-Al001-035c,Nasrallah,إملي نصر الله,Emily Nasrallah,
Nasrallah-Al001-046a,Nasrallah,إملي نصر الله,Emily Nasrallah,
Nasrallah-Al001-046b,Nasrallah,إملي نصر الله,Emily Nasrallah,
Oussani2018-0282a,Oussani,,,
Oussani2018-0283a,Oussani,,,
Oussani2018-0284,Oussani,,,
Oussani2018-0285,Oussani,توماس وجون أوساني,Thomas and John Oussani,
Oussani2018-0286_1,Oussani,شقيق جوزيف أوساني,Brother of Joseph Oussani,
Oussani2018-0292a_1,Oussani,جوزيف أوساني,Joseph Oussani,
Oussani2018-0292a_2,Oussani,جوزيف أوساني,Joseph Oussani,
Oussani2018-0292b_1,Oussani,جوزيف أوساني,Joseph Oussani,
Oussani2018-0292b_2,Oussani,جوزيف أوساني,Joseph Oussani,
Oussani2018-0292c_1,Oussani,جوزيف أوساني,Joseph Oussani,
Oussani2018-0292c_2,Oussani,جوزيف أوساني,Joseph Oussani,
Oussani2018-0292d_1,Oussani,جوزيف أوساني,Joseph Oussani,
Oussani2018-0292d_2,Oussani,جوزيف أوساني,Joseph Oussani,
Oussani2018-0292e_1,Oussani,جوزيف أوساني,Joseph Oussani,
Oussani2018-0292e_2,Oussani,جوزيف أوساني,Joseph Oussani,
Oussani2018-0292f_1,Oussani,جوزيف أوساني,Joseph Oussani,
Oussani2018-0292f_2,Oussani,جوزيف أوساني,Joseph Oussani,
Oussani2018-0292g_1,Oussani,جوزيف أوساني,Joseph Oussani,
Oussani2018-0292g_2,Oussani,جوزيف أوساني,Joseph Oussani,
Oussani2018-0292h_1,Oussani,جوزيف أوساني,Joseph Oussani,
Oussani2018-0292h_2,Oussani,جوزيف أوساني,Joseph Oussani,
QAJE23D_02_01r,QAJE,,,
QAJE23D_02_01v,QAJE,,,
QAJE23D_02_02r,QAJE,,,
QAJE23D_02_02v,QAJE,,,
QAJE23D_02_03r,QAJE,,,
QAJE23D_02_03v,QAJE,,,
QAJE23D_02_04r,QAJE,,,
QAJE23D_02_04v,QAJE,,,
QAJE23D_02_05r,QAJE,,,
QAJE23D_02_05v,QAJE,,,
QAJE23D_02_06r,QAJE,,,
QAJE3G_20r,QAJE,,,
QAJE3G_28_02r,QAJE,شكرى قرداحي,Shukri Kordahi,
QAJE3G_42r,QAJE,,,
QAJE3G_47_05v,QAJE,,,
QAJE3G_48_02r,QAJE,,,
QAJE3G_49_16r,QAJE,نجيب ابو صوان,Negib Aboussouan,
QAJE5G_04_03r,QAJE,,,
QAJE5L_109r,QAJE,,,
QBat19D_004r,QBat,,,
QBat19D_020r,QBat,,,
QBat1L_051r,QBat,,,
QBat1L_052r,QBat,,,
QBat1L_084_03r,QBat,,,
QBat1L_087r,QBat,,,
QBat1L_242r,QBat,,,
QBat23D_31_002r,QBat,,,
QBat23D_31_002v,QBat,,,
QBat23D_31_003r,QBat,,,
QBat23D_31_003v,QBat,,,
QBat23D_31_004r,QBat,,,
QBat23D_31_004v,QBat,,,
QBat23D_31_005r,QBat,,,
QBat23D_31_005v,QBat,,,
QBat23D_31_006r,QBat,,,
QBat23D_31_006v,QBat,,,
QBat3D_0005r,QBat,الخوري الياس,Father Elias,
QBat3D_0006r,QBat,,,
QBat3D_0010r,QBat,,,
QBat3D_1471_02r,QBat,حاكم صلح البترون,Magistrate of Batroun,
QBat4L_003r,QBat,,,
QBat4L_012r,QBat,جرجس يوحانا باسيل,Jirjis Yuhanna Basil ,
QBat5H_0517r,QBat,,,
QBat5H_0523r,QBat,,,
QBat5H_0559r,QBat,,,
QBat5H_0574r,QBat,,,
QBat5H_0575r,QBat,,,
QBat5H_0856r,QBat,,,
QBat5H_1009_04r,QBat,,,
QBat5H_1067r,QBat,,,
QBat5L_09r,QBat,,,
QBat7F_12r,QBat,,,
QBat8L_02r,QBat,,,
QBat8L_03r,QBat,,,
SB3A_01_01r,SB,,,
ST1A_197_01,ST,صلاح تيزاني,Salah Tizani,
ST1A_197_02,ST,صلاح تيزاني,Salah Tizani,
ST1A_197_03,ST,صلاح تيزاني,Salah Tizani,
ST1A_197_04,ST,صلاح تيزاني,Salah Tizani,
ST1A_197_05,ST,صلاح تيزاني,Salah Tizani,
ST1A_197_06,ST,صلاح تيزاني,Salah Tizani,
ST1A_197_07,ST,صلاح تيزاني,Salah Tizani,
ST1A_197_08,ST,صلاح تيزاني,Salah Tizani,
ST1A_197_09,ST,صلاح تيزاني,Salah Tizani,
ST1A_197_10,ST,صلاح تيزاني,Salah Tizani,
ST1A_197_11,ST,صلاح تيزاني,Salah Tizani,
ST1A_197_12,ST,صلاح تيزاني,Salah Tizani,
ST1A_197_13,ST,صلاح تيزاني,Salah Tizani,
ST1A_197_14,ST,صلاح تيزاني,Salah Tizani,
ST1A_197_15,ST,صلاح تيزاني,Salah Tizani,
ST1A_197_16,ST,صلاح تيزاني,Salah Tizani,
ST1A_197_17,ST,صلاح تيزاني,Salah Tizani,
ST1A_197_18,ST,صلاح تيزاني,Salah Tizani,
ST1A_197_19,ST,صلاح تيزاني,Salah Tizani,
ST1A_197_20,ST,صلاح تيزاني,Salah Tizani,
ST1A_197_21,ST,صلاح تيزاني,Salah Tizani,
ST1A_197_22,ST,صلاح تيزاني,Salah Tizani,
ST1A_197_23,ST,صلاح تيزاني,Salah Tizani,
ST1A_197_24,ST,صلاح تيزاني,Salah Tizani,
ST1A_409_01,ST,صلاح تيزاني,Salah Tizani,
ST1A_409_02,ST,صلاح تيزاني,Salah Tizani,
ST1A_409_03,ST,صلاح تيزاني,Salah Tizani,
ST1A_409_04,ST,صلاح تيزاني,Salah Tizani,
ST1A_409_05,ST,صلاح تيزاني,Salah Tizani,
ST1A_409_06,ST,صلاح تيزاني,Salah Tizani,
ST1A_409_07,ST,صلاح تيزاني,Salah Tizani,
ST1A_409_08,ST,صلاح تيزاني,Salah Tizani,
ST1A_409_09,ST,صلاح تيزاني,Salah Tizani,
ST1A_409_10,ST,صلاح تيزاني,Salah Tizani,
ST1A_409_11,ST,صلاح تيزاني,Salah Tizani,
ST1A_409_12,ST,صلاح تيزاني,Salah Tizani,
ST1A_409_13,ST,صلاح تيزاني,Salah Tizani,
ST1A_409_14,ST,صلاح تيزاني,Salah Tizani,
ST1A_409_15,ST,صلاح تيزاني,Salah Tizani,
ST1A_409_16,ST,صلاح تيزاني,Salah Tizani,
ST1A_409_17,ST,صلاح تيزاني,Salah Tizani,
ST1A_409_18,ST,صلاح تيزاني,Salah Tizani,
ST1A_409_19,ST,صلاح تيزاني,Salah Tizani,
ST1A_409_20,ST,صلاح تيزاني,Salah Tizani,
ST1A_409_21,ST,صلاح تيزاني,Salah Tizani,
ST1A_409_22,ST,صلاح تيزاني,Salah Tizani,
ST1A_409_23,ST,صلاح تيزاني,Salah Tizani,
ST1A_409_24,ST,صلاح تيزاني,Salah Tizani,
TAttallah2020-019,TAttallah,الخوري الياس باسيل,Father Elias Bassil,
TAttallah2020-020,TAttallah,,,
TAttallah2020-023,TAttallah,الاب طوبيا العيسى,Father Tobia al-Issa,
TAttallah2020-024,TAttallah,الخوري الياس باسيل,Father Elias Bassil,
TAttallah2020-026,TAttallah,الاب طوبيا العيسى,Father Tobia al-Issa,
TAttallah2020-027a,TAttallah,اسعد درويش زكريا,Assad Darouich Zacharias,
TAttallah2020-027b,TAttallah,اسعد درويش زكريا,Assad Darouich Zacharias,
TAttallah2020-029,TAttallah,الخوري الياس باسيل,Father Elias Bassil,
TAttallah2020-031a,TAttallah, اسعد الخوري طوبيا عطاالله,Asaad Koury Tobia Attallah,
TAttallah2020-033a,TAttallah, اسعد الخوري طوبيا عطاالله,Asaad Koury Tobia Attallah,
TAttallah2020-034,TAttallah, اسعد درويش زكريا,Assad Darouich Zacharias,
TAttallah2020-035,TAttallah, اسعد درويش زكريا,Assad Darouich Zacharias,
TAttallah2020-037,TAttallah, اسعد الخوري طوبيا عطاالله,Asaad Koury Tobia Attallah,
TAttallah2020-038,TAttallah,الاب طوبيا العيسى,Father Tobia al-Issa,
TAttallah2020-039,TAttallah, اسعد درويش زكريا,Assad Darouich Zacharias,
TAttallah2020-077,TAttallah,كروجر طوبيا عطاالله,Krouger Tobia Attallah,
TAttallah2020-094a_resize,TAttallah,كروجر طوبيا عطاالله,Krouger Tobia Attallah,
TAttallah2020-095_resize,TAttallah,نديم عطاالله,Nadim Attallah,
TAttallah2020-099a_resize,TAttallah,كروجر طوبيا عطاالله,Krouger Tobia Attallah,
TAttallah2020-103,TAttallah,كروجر طوبيا عطاالله,Krouger Tobia Attallah,
TAttallah2020-105_resize,TAttallah,كروجر طوبيا عطاالله,Krouger Tobia Attallah,
TAttallah2020-107,TAttallah,كروجر طوبيا عطاالله,Krouger Tobia Attallah,
TAttallah2020-107_resize,TAttallah,كروجر طوبيا عطاالله,Krouger Tobia Attallah,
TAttallah2020-122a,TAttallah,كروجر طوبيا عطاالله,Krouger Tobia Attallah,
TAttallah2020-125a,TAttallah,كروجر طوبيا عطاالله,Krouger Tobia Attallah,
TAttallah2020-128c,TAttallah,كروجر طوبيا عطاالله,Krouger Tobia Attallah,
TAttallah2020-130,TAttallah,كروجر طوبيا عطاالله,Krouger Tobia Attallah,
TAttallah2020-132a,TAttallah,كروجر طوبيا عطاالله,Krouger Tobia Attallah,
TAttallah2020-132b,TAttallah,كروجر طوبيا عطاالله,Krouger Tobia Attallah,
TAttallah2020-134,TAttallah,كروجر طوبيا عطاالله,Krouger Tobia Attallah,
YAL2A_01_01r,YAL,رحمى رعد,Rahma Raad,
YAL2A_03r,YAL,يوسف عبدالله مارون,Youssef Abdullah Maroun,
YAL2A_08_02,YAL,يوسف موسى صدقا,Youssef Moussa Sadaqa,
YAL2A_11_02,YAL,كاترين يزبك البدوي,Catherine Yazbek Al-Badawi,
YAL2A_13_02,YAL, نعمه الياس مخايل,Nehme Elias Mikhail,
YAL2A_14_01,YAL,أسعد الخوري,Assad Al-Khoury,
YAL2A_14_03,YAL,  طانيوس زخيا الياس باسيل,Tanios Zakhia Elias Basil,
YAL2A_16r,YAL,بشاره مرعي منصور,Bishara Mar'i Mansour,
YAL2A_23_02r,YAL,كاترين يزبك البدوي,Catherine Yazbek Al-Badawi,
YAL2A_24,YAL,فرنسيس لحود,Francis Lahoud,
YAL2A_40,YAL,بشاره مرعي منصور,Bishara Mar'i Mansour,
YAL2A_47r,YAL,يوسف عبدالله مارون,Youssef Abdullah Maroun,
YAL2A_54,YAL,ك. حنا,K. John,
YAL2A_65_02,YAL,كاترين يزبك البدوي,Catherine Yazbek Al-Badawi,
YAL2A_74r,YAL,كاترين يزبك البدوي,Catherine Yazbek Al-Badawi,
YAL4A_01_02r,YAL,الأخ إبراهيم,Brother Ibrahim,
YAL4A_03_01r,YAL,,,
YAL4A_03_01v,YAL,,,
YAL4A_03_02r,YAL,,,
YAL4A_03_02v,YAL,,,
YAL4A_03_03r,YAL,,,
YFS2A_05_01,YFS,يوسف فضل الله سلامة,Youssef Fadlallah Salemeh,
YFS2A_05_02,YFS,يوسف فضل الله سلامة,Youssef Fadlallah Salemeh,
YFS2A_05_03,YFS,يوسف فضل الله سلامة,Youssef Fadlallah Salemeh,
YFS2A_05_04,YFS,يوسف فضل الله سلامة,Youssef Fadlallah Salemeh,
YS_1D_065a,YS,مهاجرين لبنانيين ,Lebanese immigrants,
YS_1D_065b,YS,مهاجرين لبنانيين,Lebanese immigrants,
YS_1D_068,YS,داني السباقة,Dani Al-Sibaqa,
YS_1D_070d,YS,,,
YS_1D_071a,YS,,,
YS_1D_071b,YS,,,
YS_1D_071c,YS,,,
YS_1D_074,YS,,,
YS_1D_074a,YS,,,
YS_1E_005a,YS,المطران دريان,Bishop Daryan,
YS_1F_010,YS,,,
YS_1F_010a,YS,,,
YS_2C_004,YS,,,
YS_2C_004a,YS,,,
YS_2C_004b,YS,,,
YS_2C_004c,YS,,,
YS_2C_004d,YS,,,
YS_2C_004e,YS,,,
YS_2C_004f,YS,,,
YS_2F_015a,YS,,,
YS_2F_015b,YS,,,
YS_2F_015c,YS,,,
YS_2F_015d,YS,,,
YS_2F_015e,YS,,,
YS_2F_015f,YS,,,
YS_2F_015g,YS,,,
YS_2F_015i,YS,,,
YS_2F_015n,YS,,,
YS_2F_015o,YS,,,
YS_2F_015p,YS,,,
YS_4A_011,YS,,,
YS_4A_011a,YS,,,
YS_4A_011b,YS,,,
YS_4A_011d,YS,,,
YS_4A_011e,YS,,,
YS_4A_011f,YS,,,
YS_4A_011g,YS,,,
YS_4A_011h,YS,,,
YS_4A_011i,YS,,,
YS_4A_011j,YS,,,
YS_4A_011k,YS,,,
YS_4B_089,YS,,,
YS_4B_089b,YS,,,
YS_4D_054,YS,,,
YS_4D_054b,YS,,,
YS_5H_003,YS,يوسف حنا السودا,Youssef Hanna El-Sawda,
YS_5H_004,YS,يوسف حنا السودا,Youssef Hanna El-Sawda,
YS_5H_007,YS,يوسف حنا السودا,Youssef Hanna El-Sawda,
YS_5H_008,YS,يوسف حنا السودا,Youssef Hanna El-Sawda,
YS_5H_011c,YS,يوسف حنا السودا,Youssef Hanna El-Sawda,
YS_5H_011d,YS,يوسف حنا السودا,Youssef Hanna El-Sawda,
YS_5H_011f,YS,يوسف حنا السودا,Youssef Hanna El-Sawda,
YS_5H_011g,YS,يوسف حنا السودا,Youssef Hanna El-Sawda,
YS_5H_017,YS,يوسف حنا السودا,Youssef Hanna El-Sawda,
YS_5H_017b,YS,يوسف حنا السودا,Youssef Hanna El-Sawda,
YS_5H_017d,YS,يوسف حنا السودا,Youssef Hanna El-Sawda,
YS_5H_023,YS,موريس بول ساراي,Maurice Paul Sarrail,
YS_5H_023a,YS,موريس بول ساراي,Maurice Paul Sarrail,