Image Filename,Prefix,Writer Name (English)
2015 5-03 El-Khouri_Letter to Jennie Jabaley from Lebanon Oct18 1960_1,2015,Malvina Choieree
2015 5-07 El-Khouri_Letter to Joseph from Lebanon Dec17 1959_1,2015,Your nephew Maroun
2015 5-07b El-Khouri_Letter to Joseph from Lebanon Dec17 1959_2_1,2015,Your nephew Maroun
2015 5-07b El-Khouri_Letter to Joseph from Lebanon Dec17 1959_2_2,2015,Your nephew Maroun
2015 5-08b El-Khouri_Letter to Joseph from Lebanon Dec19 1957_2_1,2015,Sister Victor N. Khoury
2015 5-08b El-Khouri_Letter to Joseph from Lebanon Dec19 1957_2_2,2015,Sister Victor N. Khoury
2015 5-08c El-Khouri_Letter to Joseph from Lebanon Dec19 1957_3,2015,Sister Victor N. Khoury
2015 5-09b El-Khouri_Letter to Joseph from Lebanon Dec21 1960_2,2015,Your nephew Maroun
2015 5-13 El-Khouri_Letter to Joseph from Lebanon Feb29 1960 1,2015,Maroun Al-Khoury Maroun
2015 5-13b El-Khouri_Letter to Joseph from Lebanon Feb29 1960_2_1,2015,Maroun Al-Khoury Maroun
AF_279r,AF,Father Youssef Nassar
AF_280r,AF,Shibli Barakat witnesses
AF_282r,AF,Mousssa Farhat Farah
AF_291r,AF,Nassar Tanios Al Samarani
AF_293r,AF,Keserwan Finance Officer
AF_295v,AF,Serhal Ounaissy
AF_296r,AF,Elias Abdallah
AF_303r,AF,Your son George
AF_304_01r,AF,Your son George
AF_304_02r,AF,Your son George
AF_304_03r,AF,Your son George
AF_304_04r,AF,Your son George
AF_304_05r,AF,Your son George
AF_304_06r,AF,Your son George
AF_304_06v,AF,Your son George
AF_305r,AF,Amin Farhat
AF_321r,AF,Your son George
AF_322_01r,AF,Your son George
AF_322_02r,AF,Your son George
AF_356r,AF,Amin Farhat
AF_357r,AF,Amin Farhat
AnF_006,AnF,Patriarch Elias Hoayek
AnF_008,AnF,Patriarch Elias Hoayek
AnF_009,AnF,Patriarch Elias Hoayek
AnF_010,AnF,Patriarch Elias Hoayek
AnF_013,AnF,Bishop Boulos Akl
AnF_014,AnF,Bishop Boulos Akl
AnF_015,AnF,Bishop Boulos Akl
AR51_008,AR,Ameen Rihani
AR51_013,AR,Ameen Rihani
AR51_062,AR,Ameen Rihani
AR53_01_006,AR,Ameen Rihani
AR53_01_008,AR,Ameen Rihani
AR53_01_009,AR,Ameen Rihani
AR53_01_010,AR,Ameen Rihani
AR53_01_011,AR,Ameen Rihani
AR53_01_025,AR,Ameen Rihani
AR53_01_026,AR,Ameen Rihani
AR53_01_027,AR,Ameen Rihani
AR53_01_029,AR,Ameen Rihani
AR53_01_031,AR,Ameen Rihani
AR53_01_033,AR,Ameen Rihani
AR53_01_034,AR,Ameen Rihani
AR53_01_035,AR,Ameen Rihani
AR53_01_036,AR,Ameen Rihani
AR53_01_037,AR,Ameen Rihani
AR53_01_038,AR,Ameen Rihani
AR53_01_039,AR,Ameen Rihani
AR53_01_040,AR,Ameen Rihani
AR53_02_205,AR,Ameen Rihani
AR53_02_207,AR,Ameen Rihani
AR53_02_209,AR,Ameen Rihani
AR53_02_210,AR,Ameen Rihani
AR53_02_211,AR,Ameen Rihani
AR53_02_212,AR,Ameen Rihani
AR53_02_213,AR,Ameen Rihani
AR53_02_230,AR,Ameen Rihani
AR53_02_246,AR,Ameen Rihani
AR53_02_254,AR,Ameen Rihani
AR53_02_262,AR,Ameen Rihani
AR53_02_265,AR,Ameen Rihani
AR55_05_006,AR,Ameen Rihani
AR55_05_007,AR,Ameen Rihani
AR56_01_003_1,AR,Shibli N. Damus
AR56_01_003_2,AR,Shibli N. Damus
AR56_01_005,AR,Shibli N. Damus
AR56_01_006,AR,Shibli N. Damus
AR56_01_007,AR,Shibli N. Damus
AR56_01_008,AR,Shibli N. Damus
AR56_01_009,AR,Shibli N. Damus
AR56_01_010,AR,Shibli N. Damus
AR56_01_011,AR,Shibli N. Damus
AR56_01_012,AR,Shibli N. Damus
AR56_01_013,AR,Naoum Mokarzel
AR56_01_014,AR,Naoum Mokarzel
AR56_01_015,AR,Naoum Mokarzel
AR56_01_016,AR,Shibli N. Damus
AR56_01_017,AR,Shibli N. Damus
AR56_01_018,AR,Eissa alKhouri
AR56_01_019,AR,Eissa alKhouri
AR56_01_020,AR,Eissa alKhouri
AR56_01_021,AR,Eissa alKhouri
AR56_01_022,AR,Eissa alKhouri
AR56_01_023,AR,Eissa alKhouri
AR56_01_024,AR,Shibli N. Damus
AR56_01_046,AR,Girgi Dimitri Sursock
AR56_01_047,AR,Girgi Dimitri Sursock
AR56_01_048,AR,Girgi Dimitri Sursock
AR56_01_049,AR,Girgi Dimitri Sursock
AR56_01_052,AR,Girgi Dimitri Sursock
AR56_01_053,AR,Girgi Dimitri Sursock
AR56_01_054,AR,Girgi Dimitri Sursock
AR56_01_055,AR,Girgi Dimitri Sursock
AR56_01_058,AR,Felix Faris
AR56_01_059,AR,Felix Faris
AR56_01_060,AR,Felix Faris
AR56_01_061,AR,Felix Faris
AR56_01_062,AR,Felix Faris
AR56_01_064,AR,Felix Faris
AR56_01_065,AR,Felix Faris
AR56_01_066,AR,Felix Faris
AR56_01_067,AR,Felix Faris
AR56_01_077_1,AR,Felix Faris
AR56_01_077_2,AR,Felix Faris
AR56_01_078_1,AR,Felix Faris
AR56_01_078_2,AR,Felix Faris
AR56_02_002_1,AR,Felix Faris
AR56_02_002_2,AR,Felix Faris
AR56_02_003_1,AR,Felix Faris
AR56_02_003_2,AR,Felix Faris
AR56_02_006,AR,Muhammad Hussain Najafi
AR56_02_013_1,AR,May Ziadeh
AR56_02_013_2,AR,May Ziadeh
AR56_02_014_1,AR,May Ziadeh
AR56_02_014_2,AR,May Ziadeh
AR56_02_016,AR,Felix Faris
AR56_02_017,AR,Felix Faris
AR56_02_018,AR,Felix Faris
AR56_03_002,AR,Victor Shemil
AR56_03_003,AR,Ahmed Shakir alKarmi
AR56_03_004,AR,Felix Faris
AR56_03_005,AR,Felix Faris
AR56_03_006,AR,Felix Faris
AR56_03_007,AR,Elia Abu Madi
AR56_03_008,AR,Elia Abu Madi
AR56_03_012,AR,Abdulaziz bin Abdul Rahman Al Faisal Al Saud
AR56_03_013,AR,Abdulaziz bin Abdul Rahman Al Faisal Al Saud
AR56_03_017,AR,Abdulaziz bin Abdul Rahman Al Faisal Al Saud
AR56_03_018,AR,Abdulaziz bin Abdul Rahman Al Faisal Al Saud
AR56_03_019,AR,Abdulaziz bin Abdul Rahman Al Faisal Al Saud
AR56_03_023,AR,Abdulaziz bin Abdul Rahman Al Faisal Al Saud
AR56_03_024,AR,Abdulaziz bin Abdul Rahman Al Faisal Al Saud
AR56_03_025,AR,Abdulaziz bin Abdul Rahman Al Faisal Al Saud
AR56_03_030,AR,Abdulaziz bin Abdul Rahman Al Faisal Al Saud
AR56_03_031,AR,Abdulaziz bin Abdul Rahman Al Faisal Al Saud
AR56_03_032,AR,Abdulaziz bin Abdul Rahman Al Faisal Al Saud
AR56_03_033,AR,Abdulaziz bin Abdul Rahman Al Faisal Al Saud
AR56_03_034,AR,Abdulaziz bin Abdul Rahman Al Faisal Al Saud
AR56_03_035,AR,Abdulaziz bin Abdul Rahman Al Faisal Al Saud
AR56_03_036,AR,Abdulaziz bin Abdul Rahman Al Faisal Al Saud
AR56_03_037,AR,Abdulaziz bin Abdul Rahman Al Faisal Al Saud
AR56_03_039,AR,May Ziadeh
AR56_03_040,AR,May Ziadeh
AR56_03_041,AR,May Ziadeh
AR56_03_057,AR,Abdulaziz bin Abdul Rahman Al Faisal Al Saud
AR56_03_058,AR,Mohammed Amin al-Husseini 
AR56_03_059,AR,Mohammed Amin al-Husseini 
AR56_03_065,AR,Abdulaziz bin Abdul Rahman Al Faisal Al Saud
AR56_03_066,AR,Abdulaziz bin Abdul Rahman Al Faisal Al Saud
AR56_03_070,AR,Prof. Ign. Kratchkovsky
AR56_03_071,AR,Prof. Ign. Kratchkovsky
AR56_03_076,AR,Abdulaziz bin Abdul Rahman Al Faisal Al Saud
AR56_03_080,AR,Prof. Ign. Kratchkovsky
AR56_04_012,AR,Prof. Ign. Kratchkovsky
AR56_04_017,AR,Jirjis alKsus
AR56_04_018,AR,Jirjis alKsus
AR56_04_029,AR,Ibrahim Mejahid Al-Jaza'eri
AR56_04_030,AR,Ibrahim Mejahid Al-Jaza'eri
AR56_04_031,AR,Ibrahim Mejahid Al-Jaza'eri
AR56_04_033,AR,Muhammad Hussain Najafi
AR56_04_034,AR,Mohammed Amin al-Husseini 
AR56_04_035,AR,Daoud Mujaes
AR56_04_036,AR,Daoud Mujaes
AR56_04_037,AR,Daoud Mujaes
AR56_04_038,AR,Daoud Mujaes
AR56_04_039,AR,Prof. Ign. Kratchkovsky
AR56_04_047,AR,Prof. Ign. Kratchkovsky
AR56_04_071,AR,Felix Faris
AR56_04_082,AR,Felix Faris
AR56_04_083,AR,Felix Faris
AR56_04_084,AR,Felix Faris
AR56_04_088,AR,May Ziadeh
AR56_04_089,AR,May Ziadeh
AR56_04_090,AR,May Ziadeh
AR56_04_091,AR,May Ziadeh
AR56_04_092,AR,May Ziadeh
AR67_002,AR,Ameen Rihani
AR67_003,AR,Ameen Rihani
AR67_004,AR,Ameen Rihani
AR69_003,AR,Ameen Rihani
AR69_004,AR,Ameen Rihani
AR69_005,AR,Ameen Rihani
AR69_006,AR,Ameen Rihani
AR69_007,AR,Ameen Rihani
BEK1A_02r,BEK,Bechara El Khoury
BEK1A_14_01r,BEK,Tawfiq
BEK1A_27_01r,BEK,Bechara El Khoury
BEK1A_27_01r-,BEK,Bechara El Khoury
BEK1A_27_02r,BEK,Bechara El Khoury
BEK1A_27_02r-,BEK,Bechara El Khoury
BEK2A_05_02r,BEK,Bechara El Khoury
BEK2A_11_01r,BEK,Youssef Ibrahim Yazbek
BEK2A_11_02r,BEK,Youssef Ibrahim Yazbek
BEK2A_11_03r,BEK,Youssef Ibrahim Yazbek
BEK2A_17_01r,BEK,Margaret El Haddad
BEK2A_17_02r,BEK,Margaret El Haddad
EAC_A_039_049r,EAC,Elias Abu Shabaki
EAC_A_039_050r,EAC,Elias Abu Shabaki
EAC_A_039_059r,EAC,Elias Abu Shabaki
EAC_A_039_060r,EAC,Elias Abu Shabaki
EAC_A_039_062r,EAC,Elias Abu Shabaki
EAC_A_039_063r,EAC,Elias Abu Shabaki
EAC_A_039_064r,EAC,Elias Abu Shabaki
EAC_A_039_065r,EAC,Elias Abu Shabaki
EAC_B_006r,EAC,Habib
EAC_C_001r,EAC,Adham Al Jundi
EAC_C_002r,EAC,Abd al-Khaliq Farid
EAC_C_008r,EAC,Abd al-Khaliq Farid
EAC_D_051F,EAC,Elie Maroun Khalil
EAC_D_051G,EAC,Elie Maroun Khalil
EAC_D_051H,EAC,Elie Maroun Khalil
EAC_D_051I,EAC,Elie Maroun Khalil
EAK1A_003r,EAK,Habib Abi Rached
EAK1A_035r,EAK,Aziz Khoury
EAK1A_038r,EAK,Aziz Khoury
EAK1A_038v,EAK,Aziz Khoury
EAK1A_039r,EAK,Mary Khoury
EAK1A_049r,EAK,Ghnatyos Mbarak
EAK1A_049v,EAK,Ghnatyos Mbarak
EAK1A_051v,EAK,Ghnatyos Mbarak
EAK1A_066r,EAK,Abdallah Sfeir
EAK1A_067r,EAK,Youssef Nakad
EAK1A_081r,EAK,Tanos Youssef Harfouche
EAK1A_087r,EAK,JerJi Ass'ad Nader
EAK1A_088r,EAK,Habib Abdallah al-Khoury
EAK1A_089r,EAK,Serhal Maroun 'Tiyyeh
EAK1A_090_01r,EAK,Hanna Estphan
EAK1A_090_02r,EAK,Hanna Estphan
EAK1A_095r,EAK,Slayman al-Farkh
EAK1A_099r,EAK,Habib Boulos Nasr
EAK1A_137r,EAK,Ghnatyos Mbarak
EAK1A_137v,EAK,Ghnatyos Mbarak
EAK1A_138_01r,EAK,Botros Feghaly
EAK1A_138_01v,EAK,Botros Feghaly
EAK1A_138_02r,EAK,Botros Feghaly
EAK1A_140_01r,EAK,Toufiq Wehbeh
EAK1A_140_02r,EAK,Toufiq Wehbeh
EAK1A_140_03r,EAK,Toufiq Wehbeh
EAK1A_140_04r,EAK,Toufiq Wehbeh
EAK1A_140_05r,EAK,Toufiq Wehbeh
EAK1A_140_06r,EAK,Toufiq Wehbeh
EAK1A_140_07r,EAK,Toufiq Wehbeh
EAK1A_140_08r,EAK,Toufiq Wehbeh
EAK1A_142r,EAK,Maronite Bishop of Sidon
EAK1A_142v,EAK,Maronite Bishop of Sidon
EAK1A_144_02r,EAK,Halim Khoury Saadeh
EAK1A_144_02v,EAK,Halim Khoury Saadeh
EAK1A_145r,EAK,Jebrayel Sa'd al 'Alam
EAK1A_146r,EAK,Najib Ayoub
EAK1A_146v,EAK,Najib Ayoub
EAK1A_147r,EAK,Youhanna Sfeir
EAK1A_147v,EAK,Youhanna Sfeir
EAK1A_149r,EAK,Bishop Mkhayel Akhrass
EAK1A_150_01r,EAK,George Saad
EAK1A_150_01v,EAK,George Saad
EAK1A_150_02r,EAK,George Saad
EAK1A_151r,EAK,Bishop Mkhayel Akhrass
EAK1A_154_01r,EAK,George Saad
EAK1A_154_01v,EAK,George Saad
EAK1A_154_02r,EAK,George Saad
EAK1A_154_02v,EAK,George Saad
EAK1A_157r,EAK,Bishop Youseef El Khazen
EAK1A_158r,EAK,Father Elias Najm
EAK1A_158v,EAK,Father Elias Najm
EAK1A_160_01r,EAK,Bishop Mkhayel Akhrass
EAK1A_161r,EAK,Bishop Mkhayel Akhrass
EAK1A_165r,EAK,Bishop Mkhayel Akhrass
EAK1A_169r,EAK,Bishop Aghnathios Mbarak
EAK1A_169v,EAK,Bishop Aghnathios Mbarak
EAK1A_170r,EAK,Bishop Aghnathios Mbarak
EAK1A_170v,EAK,Bishop Aghnathios Mbarak
EAK1A_171_01r,EAK,Bishop Aghnathios Mbarak
EAK1A_171_02v,EAK,Bishop Aghnathios Mbarak
EAK1A_179r,EAK,Bishop Aghnathios Mbarak
EAK1A_180r,EAK,Bishop Aghnathios Mbarak
EAK1A_180v,EAK,Bishop Aghnathios Mbarak
EAK1A_188r,EAK,Dr. Abdo Harb
EAK1A_192r,EAK,Fathallah Khoury
EAK1A_192v,EAK,Fathallah Khoury
EAK1A_193_01r,EAK,Fathallah Khoury
EAK1A_193_02v,EAK,Fathallah Khoury
EAK1A_287_03v,EAK,Antonios Elias
EAK1A_288r,EAK,Francis Hcheme
EAK1A_289r,EAK,Antoine Richa
EAK1A_292r,EAK,Botros El Kfouny
EAK1A_322r,EAK,Salim Maalouf
EAK1A_325r,EAK,Father Yaacoub Awad
EAK1A_326r,EAK,Wadih Salim Karam
EAK1A_327r,EAK,Father Youhanna El Khoury
EAK1A_327v,EAK,Father Youhanna El Khoury
EAK1A_328r,EAK,Georges Jarjoura
EAK1A_333r,EAK,Father Jerjes El Alam
EAK1A_364r,EAK,Father Botros Dib
ES1D_18_01,ES,Elias Sarkis
ES1D_18_02,ES,Elias Sarkis
ES1D_18_03,ES,Elias Sarkis
ES1D_18_04,ES,Elias Sarkis
ES1D_19_01,ES,Elias Sarkis
ES1D_19_02,ES,Elias Sarkis
ES1D_19_03,ES,Elias Sarkis
ES1D_19_04,ES,Elias Sarkis
ES1D_19_05,ES,Elias Sarkis
ES1D_19_06,ES,Elias Sarkis
ES1D_19_07,ES,Elias Sarkis
ES4A_03_01,ES,Elias Sarkis
ES4A_03_02,ES,Elias Sarkis
ES4A_03_03,ES,Elias Sarkis
ES4A_03_04,ES,Elias Sarkis
ES4A_03_05,ES,Elias Sarkis
ES4A_04r,ES,Elias Sarkis
ES4A_04v,ES,Elias Sarkis
FC2C_11_04,FC,Fouad Chehab
FC2C_11_05,FC,Fouad Chehab
FC2C_11_06,FC,Fouad Chehab
FC2C_11_07,FC,Fouad Chehab
FC2C_11_08,FC,Fouad Chehab
FC2C_11_10,FC,Fouad Chehab
FC2C_11_11,FC,Fouad Chehab
FC2C_11_12,FC,Fouad Chehab
FC2C_11_13,FC,Fouad Chehab
FC2C_11_14,FC,Fouad Chehab
FC2C_11_15,FC,Fouad Chehab
FC2C_11_16,FC,Fouad Chehab
FC2C_11_17,FC,Fouad Chehab
FC2C_11_18,FC,Fouad Chehab
FC2C_11_19,FC,Fouad Chehab
FC2C_11_20,FC,Fouad Chehab
FC2C_11_21,FC,Fouad Chehab
FC2C_11_22,FC,Fouad Chehab
FC2C_11_23,FC,Fouad Chehab
FC2C_11_24,FC,Fouad Chehab
FC2C_11_25,FC,Fouad Chehab
HM1B_04_04r,HM,Hanna Moussa
HM1B_04_06r,HM,Hanna Moussa
HM1B_04_06v,HM,Hanna Moussa
HM1B_04_07r,HM,Hanna Moussa
HM1B_04_07v,HM,Hanna Moussa
HM1B_04_08r,HM,Hanna Moussa
HM1B_04_08v,HM,Hanna Moussa
HM1B_04_09r,HM,Hanna Moussa
HM1B_04_09v,HM,Hanna Moussa
HM1B_04_10r,HM,Hanna Moussa
HM1B_04_10v,HM,Hanna Moussa
HM1B_04_11r,HM,Hanna Moussa
HM1B_04_11v,HM,Hanna Moussa
HM1B_04_12r,HM,Hanna Moussa
HM1B_04_12v,HM,Hanna Moussa
HM1B_04_13r,HM,Hanna Moussa
HM1B_04_13v,HM,Hanna Moussa
HM1B_04_14r,HM,Hanna Moussa
HM1B_04_14v,HM,Hanna Moussa
HM1B_04_15r,HM,Hanna Moussa
HM1B_10_02v,HM,Hanna Moussa
HM1B_10_03r,HM,Hanna Moussa
HM1B_10_03v,HM,Hanna Moussa
HM1B_10_04r,HM,Hanna Moussa
HM1B_10_04v,HM,Hanna Moussa
HM1B_10_05r,HM,Hanna Moussa
HM1B_10_05v,HM,Hanna Moussa
HM1B_10_06r,HM,Hanna Moussa
HM1B_10_06v,HM,Hanna Moussa
HM1B_10_07r,HM,Hanna Moussa
HM1B_10_07v,HM,Hanna Moussa
HM1B_10_19v,HM,Hanna Moussa
HM1B_10_20r,HM,Hanna Moussa
HM1B_10_20v,HM,Hanna Moussa
HM1B_10_22r,HM,Hanna Moussa
HM1B_10_23r,HM,Hanna Moussa
HM1B_10_23v,HM,Hanna Moussa
HM1B_10_24v,HM,Hanna Moussa
HM1B_10_25r,HM,Hanna Moussa
HM1B_10_26r,HM,Hanna Moussa
HM1B_10_29v,HM,Hanna Moussa
JEH2A1_01r,JEH,Zaghloul ad-Damour
JEH2A2_17,JEH,Habib Massoud
JEH2A2_18,JEH,Habib Massoud
JEH2A2_19,JEH,Habib Massoud
JEH2A2_20_01,JEH,Habib Massoud
JEH2A2_20_02,JEH,Habib Massoud
JEH2E1_19r,JEH,Zaghloul
JEH2E1_20_04r,JEH,Zaghloul
JEH2E1_21_01r,JEH,Zaghloul
JEH2E1_21_02r,JEH,Zaghloul
JEH2E1_22r,JEH,Zaghloul
JEH2E1_23r,JEH,Zaghloul
JEH2E1_24r,JEH,Zaghloul
JEH2E1_26r,JEH,Zaghloul
JEH2E1_27r,JEH,Zaghloul
JEH2E1_30_08r,JEH,Zaghloul
JEH2E1_30_10r,JEH,Zaghloul
JEH2E1_30_13r,JEH,Zaghloul
JEH2E1_30_15r,JEH,Zaghloul
JEH2E1_41_01r,JEH,Zaghloul
JEH2E1_59_06r,JEH,Zaghloul
JEH2E1_59_07r,JEH,Zaghloul
JEH2E1_59_28r,JEH,Zaghloul
JEH2E1_61_08r,JEH,Zaghloul
JEH2E1_90_03r,JEH,Zaghloul
JEH2F1_30_01r,JEH,Zaghloul
JEH2F1_30_01v,JEH,Zaghloul
JEH2F1_30_02r,JEH,Zaghloul
JEH2F1_30_02v,JEH,Zaghloul
JEH2F1_30_03r,JEH,Zaghloul
JEH2F1_30_03v,JEH,Zaghloul
JEH2F1_30_04r,JEH,Zaghloul
JEH2F1_30_04v,JEH,Zaghloul
JEH2F1_30_05,JEH,Zaghloul
JoM_Kobayat_0020,JoM,Father Youhanna Habib Baysari
JoM_Kobayat_0021,JoM,Father Youhanna Habib Baysari
JoM_Kobayat_0073,JoM,Mkhayel Daher
JoM_Kobayat_0074,JoM,Father Youssef Hanna
JoM_Kobayat_0075,JoM,Father Youssef Iskandar
JoM_Kobayat_0082,JoM,Adib Shiha
JoM_Kobayat_0084,JoM,Father Youssef Hanna & Father Botros Hasan
JoM_Kobayat_0085,JoM,Father Youssef Hanna & Father Botros Hasan
JoM_Kobayat_0086,JoM,Father Botros Hasan
JoM_Kobayat_0087,JoM,Father Botros Hasan
JoM_Kobayat_0107,JoM,Youssef Ibrahim
JoM_Kobayat_0108,JoM,Youssef Ibrahim
JoM_Kobayat_0109,JoM,Father Youssef Hajj
JoM_Kobayat_0111,JoM,Father Botros Hasan
JoM_Kobayat_0117,JoM,Father Youssef Hanna
JoM_Kobayat_0121,JoM,Father Botros Hasan
JoM_Kobayat_0123,JoM,Abdallah Daher
JoM_Kobayat_0125,JoM,Father Botros Hasan
JoM_Kobayat_0127,JoM,Mkhayel & Ibrahim Daher
JoM_Kobayat_0128,JoM,Mkhayel & Ibrahim Daher
JoM_Kobayat_0131,JoM,Mkhayel Daher
JoM_Kobayat_0134,JoM,Tannous Semaan
JoM_Kobayat_0141,JoM,Father Youssef Hajj
JoM_Kobayat_0143,JoM,Father Youssef Hanna & Father Botros Hasan
JoM_Kobayat_0154,JoM,Father Botros Hasan
JoM_Kobayat_0211,JoM,Mkhayel Daher
JoM_Kobayat_0303,JoM,Father Mkhayel Zreiby
JoM_Kobayat_0311,JoM,People of Rablah
JoM_Kobayat_0320,JoM,Father Boutros Chidiac
JoM_Kobayat_0325,JoM,Bishop Antoun Jbeir
JoM_Kobayat_0345,JoM,Father Youssef Hajj
JoM_Kobayat_0349,JoM,Father Mkhayel Zreiby
JoM_Kobayat_0350,JoM,Father Mkhayel Zreiby
JoM_Kobayat_0351,JoM,Father Mkhayel Zreiby
JoM_Kobayat_0442,JoM,Father Yousef
JoM_Kobayat_0445,JoM,Maronite children of Akkar district
JoM_Kobayat_0546,JoM,Father Youhanna Habib Baysari
JoM_Kobayat_0547,JoM,Father Youhanna Habib Baysari
JoM_Kobayat_0548,JoM,Father Youhanna Habib Baysari
JoM_Kobayat_0565,JoM,Father Youhanna Habib Baysari
JoM_Kobayat_0566,JoM,Father Youhanna Habib Baysari
JoM_Kobayat_0567,JoM,Father Youhanna Habib Baysari
JoM_Kobayat_0589,JoM,Father Mkhayel Zreiby
JoM_Kobayat_0590,JoM,Father Mkhayel Zreiby
JoM_Kobayat_0592,JoM,Father Mkhayel Zreiby
JoM_Kobayat_0593,JoM,Father Mkhayel Zreiby
JoM_Kobayat_0594,JoM,Father Mkhayel Zreiby
JoM_Kobayat_0641,JoM,Elias Asaf
JoM_Kobayat_0642,JoM,Elias Asaf
JoM_Kobayat_0694,JoM,Father Youhanna Habib Baysari
JoM_Kobayat_0997,JoM,Muhawwel Harouh
JoM_Kobayat_0998,JoM,Father Mikhael Hanna
JoM_Kobayat_1009,JoM,Warda El Khoury
JoM_Kobayat_1013,JoM,Father Mikhael Hanna
JoM_Kobayat_1014,JoM,Father Mikhael Hanna
JoM_Kobayat_1015,JoM,Father Mikhael Hanna
JPK2B_096_03,JPK,Jean Philipp Kmeid
JPK2B_096_04,JPK,Jean Philipp Kmeid
JPK2B_096_05,JPK,Jean Philipp Kmeid
JPK2B_40,JPK,Jean Philipp Kmeid
JPK2B_41,JPK,Jean Philipp Kmeid
JPK2B_42_01,JPK,Jean Philipp Kmeid
JPK2B_42_02,JPK,Jean Philipp Kmeid
JPK2B_42_03,JPK,Jean Philipp Kmeid
JPK2B_42_04,JPK,Jean Philipp Kmeid
JPK2B_45_01,JPK,Jean Philipp Kmeid
JPK2B_45_02,JPK,Jean Philipp Kmeid
JPK2B_53_01,JPK,Jean Philipp Kmeid
JPK2B_53_02,JPK,Jean Philipp Kmeid
JPK2B_56_01,JPK,Jean Philipp Kmeid
JPK2B_56_02,JPK,Jean Philipp Kmeid
JPK2B_57_01,JPK,Jean Philipp Kmeid
JPK2B_57_02,JPK,Jean Philipp Kmeid
JPK2B_65,JPK,Jean Philipp Kmeid
JPK2B_69_01,JPK,Jean Philipp Kmeid
JPK2B_69_02,JPK,Jean Philipp Kmeid
JPK2B_78_01,JPK,Jean Philipp Kmeid
JPK2B_78_02,JPK,Jean Philipp Kmeid
JPK2B_78_03,JPK,Jean Philipp Kmeid
JPK2B_78_04,JPK,Jean Philipp Kmeid
kc0061_01_01_19121203_001a,kc0061,Jerji Nicola Khattar al-Chuayri
kc0061_01_01_19121203_001b,kc0061,Jerji Nicola Khattar al-Chuayri
kc0061_01_02_19151008_001a,kc0061,Abd al-Hajj
kc0061_01_02_19151008_001b,kc0061,Abd al-Hajj
kc0061_01_03_19201107_001_1,kc0061,Michel Saykali
kc0061_01_03_19201107_001_2,kc0061,Michel Saykali
kc0061_01_03_19201109_001,kc0061,Michel Saykali
kc0061_01_03_19201109_002,kc0061,Michel Saykali
kc0061_01_03_19201109_003,kc0061,Michel Saykali
kc0061_01_03_19201109_004,kc0061,Michel Saykali
kc0061_01_03_19201111_001,kc0061,Michel Saykali
kc0061_01_03_19201111_002,kc0061,Michel Saykali
kc0061_01_03_19201111_003,kc0061,Michel Saykali
kc0061_01_03_19201113_001,kc0061,Michel Saykali
kc0061_01_03_19201113_002,kc0061,Michel Saykali
kc0061_01_03_19201113_003,kc0061,Michel Saykali
kc0061_01_03_19201119_001,kc0061,Michel Saykali
kc0061_01_03_19201119_002,kc0061,Michel Saykali
kc0061_01_03_19201119_003,kc0061,Michel Saykali
kc0061_01_03_19201127_001,kc0061,Michel Saykali
kc0061_01_03_19201200_001a,kc0061,Michel Saykali
kc0061_01_04_19210106_001,kc0061,Michel Saykali
kc0061_01_04_19210106_002,kc0061,Michel Saykali
kc0061_01_04_19210106_003,kc0061,Michel Saykali
kc0061_01_04_19210106_004,kc0061,Michel Saykali
kc0061_01_04_19210128_001,kc0061,Michel Saykali
kc0061_01_04_19210209_001a,kc0061,Michel Saykali
kc0061_01_04_19210209_001b,kc0061,Michel Saykali
kc0061_01_04_19210223_001,kc0061,Michel Saykali
kc0061_01_04_19210223_002,kc0061,Michel Saykali
kc0061_01_04_19210223_003,kc0061,Michel Saykali
kc0061_01_04_19210223_004,kc0061,Michel Saykali
kc0061_01_04_19210316_001,kc0061,Michel Saykali
kc0061_01_04_19210316_002,kc0061,Michel Saykali
kc0061_01_04_19210316_003,kc0061,Michel Saykali
kc0061_01_04_19210316_004,kc0061,Michel Saykali
kc0061_01_04_19210402_001a,kc0061,Michel Saykali
kc0061_01_04_19210402_001b,kc0061,Michel Saykali
kc0061_01_04_19210406_001,kc0061,Michel Saykali
kc0061_01_04_19210412_001a,kc0061,Michel Saykali
kc0061_01_04_19210412_001b,kc0061,Michel Saykali
kc0061_01_04_19210417_001,kc0061,Michel Saykali
kc0061_01_04_19210419_001a,kc0061,Michel Saykali
kc0061_01_04_19210419_001b,kc0061,Michel Saykali
kc0061_01_04_19210504_001b,kc0061,Michel Saykali
kc0061_01_04_19210512_001,kc0061,Michel Saykali
kc0061_01_04_19210512_002,kc0061,Michel Saykali
kc0061_01_04_19210513_001,kc0061,Michel Saykali
kc0061_01_04_19210526_001,kc0061,Michel Saykali
kc0066_01_01_1873diary_005,kc0066,Hanna Ghayth (Juan Gait)
kc0066_01_01_1873diary_006,kc0066,Hanna Ghayth (Juan Gait)
kc0066_01_01_1873diary_007,kc0066,Hanna Ghayth (Juan Gait)
kc0066_01_01_1873diary_008,kc0066,Hanna Ghayth (Juan Gait)
kc0066_01_01_1873diary_009,kc0066,Hanna Ghayth (Juan Gait)
kc0066_01_01_1873diary_010,kc0066,Hanna Ghayth (Juan Gait)
kc0066_01_01_1873diary_011,kc0066,Hanna Ghayth (Juan Gait)
kc0066_01_01_1873diary_012,kc0066,Hanna Ghayth (Juan Gait)
kc0066_01_01_1873diary_013,kc0066,Hanna Ghayth (Juan Gait)
kc0066_01_01_1873diary_014,kc0066,Hanna Ghayth (Juan Gait)
kc0066_01_01_1873diary_015,kc0066,Hanna Ghayth (Juan Gait)
kc0066_01_01_1873diary_016,kc0066,Hanna Ghayth (Juan Gait)
kc0066_01_01_1873diary_017,kc0066,Hanna Ghayth (Juan Gait)
kc0066_01_01_1873diary_018,kc0066,Hanna Ghayth (Juan Gait)
kc0066_01_01_1873diary_019,kc0066,Hanna Ghayth (Juan Gait)
kc0066_01_01_1873diary_020,kc0066,Hanna Ghayth (Juan Gait)
kc0066_01_01_1873diary_021,kc0066,Hanna Ghayth (Juan Gait)
kc0066_01_01_1873diary_022,kc0066,Hanna Ghayth (Juan Gait)
kc0066_01_01_1873diary_025,kc0066,Hanna Ghayth (Juan Gait)
kc0066_01_01_1873diary_026,kc0066,Hanna Ghayth (Juan Gait)
kc0066_01_01_1873diary_027,kc0066,Hanna Ghayth (Juan Gait)
kc0066_01_01_1873diary_028,kc0066,Hanna Ghayth (Juan Gait)
kc0066_01_01_1873diary_029,kc0066,Hanna Ghayth (Juan Gait)
kc0066_01_01_1873diary_030,kc0066,Hanna Ghayth (Juan Gait)
kc0066_01_01_1873diary_031,kc0066,Hanna Ghayth (Juan Gait)
kc0066_01_01_1873diary_032,kc0066,Hanna Ghayth (Juan Gait)
kc0066_01_01_1873diary_033,kc0066,Hanna Ghayth (Juan Gait)
kc0066_01_01_1873diary_034,kc0066,Hanna Ghayth (Juan Gait)
kc0066_01_01_1873diary_035,kc0066,Hanna Ghayth (Juan Gait)
kc0066_01_01_1873diary_036,kc0066,Hanna Ghayth (Juan Gait)
kc0066_01_01_1873diary_037,kc0066,Hanna Ghayth (Juan Gait)
kc0066_01_01_1873diary_038,kc0066,Hanna Ghayth (Juan Gait)
kc0066_01_01_1873diary_039,kc0066,Hanna Ghayth (Juan Gait)
kc0066_01_01_1873diary_040,kc0066,Hanna Ghayth (Juan Gait)
kc0066_01_01_1873diary_041,kc0066,Hanna Ghayth (Juan Gait)
kc0066_01_01_1873diary_042,kc0066,Hanna Ghayth (Juan Gait)
kc0066_01_01_1873diary_043,kc0066,Hanna Ghayth (Juan Gait)
kc0066_01_01_1873diary_044,kc0066,Hanna Ghayth (Juan Gait)
kc0066_01_01_1873diary_045,kc0066,Hanna Ghayth (Juan Gait)
kc0066_01_01_1873diary_046,kc0066,Hanna Ghayth (Juan Gait)
kc0066_01_01_1873diary_047,kc0066,Hanna Ghayth (Juan Gait)
kc0066_01_01_1873diary_048,kc0066,Hanna Ghayth (Juan Gait)
kc0066_01_01_1873diary_049,kc0066,Hanna Ghayth (Juan Gait)
kc0066_01_01_1873diary_050,kc0066,Hanna Ghayth (Juan Gait)
kc0066_01_01_1873diary_051,kc0066,Hanna Ghayth (Juan Gait)
kc0066_01_01_1873diary_052,kc0066,Hanna Ghayth (Juan Gait)
kc0066_01_01_1873diary_053,kc0066,Hanna Ghayth (Juan Gait)
kc0066_01_01_1873diary_054,kc0066,Hanna Ghayth (Juan Gait)
kc0066_01_01_1873diary_055,kc0066,Hanna Ghayth (Juan Gait)
kc0066_01_01_1873diary_056,kc0066,Hanna Ghayth (Juan Gait)
kc0066_01_01_1873diary_057,kc0066,Hanna Ghayth (Juan Gait)
kc0066_01_01_1873diary_058,kc0066,Hanna Ghayth (Juan Gait)
kc0066_01_01_1873diary_059,kc0066,Hanna Ghayth (Juan Gait)
kc0066_01_01_1873diary_061,kc0066,Hanna Ghayth (Juan Gait)
kc0066_01_01_1873diary_062,kc0066,Hanna Ghayth (Juan Gait)
kc0066_01_01_1873diary_063,kc0066,Hanna Ghayth (Juan Gait)
kc0066_01_01_1873diary_064,kc0066,Hanna Ghayth (Juan Gait)
kc0066_01_01_1873diary_065,kc0066,Hanna Ghayth (Juan Gait)
kc0066_01_01_1873diary_077,kc0066,Hanna Ghayth (Juan Gait)
kc0066_01_01_1873diary_078,kc0066,Hanna Ghayth (Juan Gait)
kc0066_01_01_1873diary_164,kc0066,Hanna Ghayth (Juan Gait)
kc0066_01_01_1873diary_165,kc0066,Hanna Ghayth (Juan Gait)
kc0066_01_01_1873diary_166,kc0066,Hanna Ghayth (Juan Gait)
kc0066_01_01_1873diary_167,kc0066,Hanna Ghayth (Juan Gait)
kc0066_01_01_1873diary_168,kc0066,Hanna Ghayth (Juan Gait)
kc0066_01_01_1873diary_169,kc0066,Hanna Ghayth (Juan Gait)
kc0066_01_01_1873diary_170,kc0066,Hanna Ghayth (Juan Gait)
kc0066_01_01_1873diary_171,kc0066,Hanna Ghayth (Juan Gait)
KEllis2018-139a,KEllis,Yousef Hobeiche
KEllis2018-139b,KEllis,Yousef Hobeiche
KEllis2018-139c,KEllis,Yousef Hobeiche
KEllis2018-139d,KEllis,Yousef Hobeiche
KEllis2018-139e,KEllis,Yousef Hobeiche
KEllis2018-147e,KEllis,Yousef Hobeiche
KEllis2018-147f,KEllis,Yousef Hobeiche
KEllis2018-166a,KEllis,Yousef Hobeiche
KEllis2018-166b,KEllis,Yousef Hobeiche
KEllis2018-166c,KEllis,Yousef Hobeiche
KEllis2018-169a_1,KEllis,Yousef Hobeiche
KEllis2018-169a_2,KEllis,Yousef Hobeiche
KEllis2018-169b_1,KEllis,Yousef Hobeiche
KEllis2018-169b_2,KEllis,Yousef Hobeiche
KEllis2018-169c_1,KEllis,Yousef Hobeiche
KEllis2018-169c_2,KEllis,Yousef Hobeiche
KEllis2018-169d_1,KEllis,Yousef Hobeiche
KEllis2018-169d_2,KEllis,Yousef Hobeiche
KEllis2018-175a,KEllis,Yousef Hobeiche
KEllis2018-175b,KEllis,Yousef Hobeiche
KEllis2018-193a,KEllis,Yousef Hobeiche
KEllis2018-193b,KEllis,Yousef Hobeiche
KEllis2018-193c,KEllis,Yousef Hobeiche
KEllis2019-106a,KEllis,Angele Ellis
KEllis2020-138b,KEllis,Angele Ellis
KEllis2020-140d,KEllis,Angele Ellis
KEllis2020-147b,KEllis,Yousef Hobeiche & Angele Ellis
KEllis2020-173a,KEllis,Angele Ellis
KJoseph18910818-001,KJoseph,Khalil Yossuf Nader Raad
KJoseph18910818-002,KJoseph,Khalil Yossuf Nader Raad
KJoseph18970910-001,KJoseph,Khalil Yossuf Nader Raad
KJoseph18970910-002,KJoseph,Khalil Yossuf Nader Raad
KJoseph18990827-001_1,KJoseph,Khalil Yossuf Nader Raad
KJoseph18990827-001_2,KJoseph,Khalil Yossuf Nader Raad
KJoseph18990827-002_1,KJoseph,Khalil Yossuf Nader Raad
KJoseph18990827-002_2,KJoseph,Khalil Yossuf Nader Raad
KJoseph18990913-001_1,KJoseph,Khalil Yossuf Nader Raad
KJoseph18990913-001_2,KJoseph,Khalil Yossuf Nader Raad
KJoseph19020905-001,KJoseph,Khalil Yossuf Nader Raad
KJoseph19020905-002,KJoseph,Khalil Yossuf Nader Raad
KJoseph19030207-001,KJoseph,Khalil Yossuf Nader Raad
KJoseph19040209-001,KJoseph,Khalil Yossuf Nader Raad
KJoseph19040607-001,KJoseph,Khalil Yossuf Nader Raad
KJoseph19040607-002,KJoseph,Khalil Yossuf Nader Raad
KJoseph19040819-001,KJoseph,Khalil Yossuf Nader Raad
KJoseph19040819-002,KJoseph,Khalil Yossuf Nader Raad
KJoseph19040819-003,KJoseph,Khalil Yossuf Nader Raad
KJoseph19040819-004,KJoseph,Khalil Yossuf Nader Raad
KJoseph19050928-002,KJoseph,Khalil Yossuf Nader Raad
KJoseph19080319-001,KJoseph,Khalil Yossuf Nader Raad
ME_21_01,ME,Mansour Eid
ME_21_02,ME,Mansour Eid
ME_21_03,ME,Mansour Eid
ME_21_04,ME,Mansour Eid
ME_21_05,ME,Mansour Eid
ME_21_06,ME,Mansour Eid
ME_21_07,ME,Mansour Eid
ME_21_08,ME,Mansour Eid
ME_21_09,ME,Mansour Eid
ME_21_10,ME,Mansour Eid
ME_21_11,ME,Mansour Eid
ME_21_12,ME,Mansour Eid
MeM1C_04_01,MeM,Nassif Mansour
MeM1C_10_02,MeM,Peter the Patriarch of Antioch
MeM1C_22_01,MeM,Youssef
MeM1D_01_06r,MeM,Mkhayel Meneem
MeM1D_02_003r,MeM,Mkhayel Meneem
MeM1D_02_004r,MeM,Mkhayel Meneem
MeM1D_02_004v,MeM,Mkhayel Meneem
MeM1D_02_005r,MeM,Mkhayel Meneem
MG1_045_01,MG,Constantine Elias
MG1_045_02r,MG,Constantine Elias
MG1_045_02v,MG,Constantine Elias
MG1_046,MG,Maurice Gemayel
MG1_047,MG,Maurice Gemayel
MG1_048,MG,Maurice Gemayel
MG1_050_01r,MG,Constantine Elias
MG1_050_02r,MG,Constantine Elias
MG1_057,MG,Maurice Gemayel
MG1_061,MG,Maurice Gemayel
MG1_064,MG,Maurice Gemayel
MG1_150_01,MG,Murshid Habashi
MG1_150_02,MG,Murshid Habashi
MG1_150_03,MG,Murshid Habashi
MG1_150_04,MG,Murshid Habashi
MG1_256v,MG,Father Elias Abi Khair
MG31_101_02,MG,Hassan Khalil
MG31_101_03,MG,Hassan Khalil
MK2A_07_01r,MK,Michel Kahwaji
MK2A_07_02r,MK,Michel Kahwaji
MK2A_07_03r,MK,Michel Kahwaji
MK2A_07_04r,MK,Michel Kahwaji
MK2A_07_05r,MK,Michel Kahwaji
MK2A_07_06r,MK,Michel Kahwaji
MK2A_07_07r,MK,Michel Kahwaji
MK2A_07_08r,MK,Michel Kahwaji
MK2A_07_09r,MK,Michel Kahwaji
MK2A_07_10r,MK,Michel Kahwaji
MK2A_07_11r,MK,Michel Kahwaji
MK2A_07_12r,MK,Michel Kahwaji
MK2A_07_13r,MK,Michel Kahwaji
MK2A_07_14r,MK,Michel Kahwaji
MK2A_07_15r,MK,Michel Kahwaji
MK2A_07_16r,MK,Michel Kahwaji
MK2A_07_17r,MK,Michel Kahwaji
MK2A_07_18r,MK,Michel Kahwaji
MK2A_07_19r,MK,Michel Kahwaji
MK2A_07_20r,MK,Michel Kahwaji
MK2A_07_21r,MK,Michel Kahwaji
MK2A_08_01r,MK,Michel Kahwaji
MK2A_08_02r,MK,Michel Kahwaji
MK2A_08_03r,MK,Michel Kahwaji
MK2A_08_04r,MK,Michel Kahwaji
MUKF1B_01r,MUKF,Mayor of Kfarshima
MUKF1B_01v,MUKF,Mayor of Kfarshima
MUKF4A_01_002r,MUKF,Sohayl Tohmeh
MUKF4A_01_002v,MUKF,Sohayl Tohmeh
MUKF4A_01_003r,MUKF,Sohayl Tohmeh
MUKF4A_01_003v,MUKF,Sohayl Tohmeh
MUKF4A_01_004r,MUKF,Sohayl Tohmeh
MUKF4A_01_013r,MUKF,Sohayl Tohmeh
MUKF4A_01_016r,MUKF,Sohayl Tohmeh
MUKF4A_01_025r,MUKF,Sohayl Tohmeh
MUKF4A_02_002r,MUKF,Sohayl Tohmeh
MUKF4A_02_002v,MUKF,Sohayl Tohmeh
MUKF4A_02_003r,MUKF,Sohayl Tohmeh
MUKF4A_02_003v,MUKF,Sohayl Tohmeh
MUKF4A_02_004r,MUKF,Sohayl Tohmeh
MUKF4A_02_004v,MUKF,Sohayl Tohmeh
MUKF4A_02_005r,MUKF,Sohayl Tohmeh
MUKF4A_02_005v,MUKF,Sohayl Tohmeh
MUKF4A_02_009r,MUKF,Sohayl Tohmeh
MUKF4A_02_009v,MUKF,Sohayl Tohmeh
MUKF4A_02_082r,MUKF,Sohayl Tohmeh
MUKF4A_02_082v,MUKF,Sohayl Tohmeh
MUKF4A_02_083r,MUKF,Sohayl Tohmeh
MUKF4A_02_083v,MUKF,Sohayl Tohmeh
MUKF4A_02_084r,MUKF,Sohayl Tohmeh
MUKF4A_02_084v,MUKF,Sohayl Tohmeh
MUKF4A_02_085r,MUKF,Sohayl Tohmeh
MUKF4A_02_085v,MUKF,Sohayl Tohmeh
MUKF4A_02_086r,MUKF,Sohayl Tohmeh
MUKF4A_02_086v,MUKF,Sohayl Tohmeh
MUKF7I_01_019r,MUKF,Mayor of Kfarshima
MUKF7I_01_021r,MUKF,Mayor of Kfarshima
MUKF7I_01_021v,MUKF,Mayor of Kfarshima
MUKF7I_01_022r,MUKF,Mayor of Kfarshima
MUKF7I_01_022v,MUKF,Mayor of Kfarshima
MUKF7I_01_023r,MUKF,Mayor of Kfarshima
MUKF7I_01_023v,MUKF,Mayor of Kfarshima
MUKF7I_01_024r,MUKF,Mayor of Kfarshima
MUKF7I_01_024v,MUKF,Mayor of Kfarshima
MUKF7I_01_025r,MUKF,Shukri Kanaan
MUKF7I_01_025v,MUKF,Shukri Kanaan
MUKF7I_01_026r,MUKF,Shukri Kanaan
MUKF7I_01_026v,MUKF,Shukri Kanaan
MUKF7I_01_027r,MUKF,Mayor of Kfarshima
MUKF7I_01_027v,MUKF,Mayor of Kfarshima
Nasrallah-Al001-010a,Nasrallah,Emily Nasrallah
Nasrallah-Al001-010b,Nasrallah,Emily Nasrallah
Nasrallah-Al001-010c,Nasrallah,Emily Nasrallah
Nasrallah-Al001-010d,Nasrallah,Emily Nasrallah
Nasrallah-Al001-010e,Nasrallah,Emily Nasrallah
Nasrallah-Al001-010f,Nasrallah,Emily Nasrallah
Nasrallah-Al001-010g,Nasrallah,Emily Nasrallah
Nasrallah-Al001-010h,Nasrallah,Emily Nasrallah
Nasrallah-Al001-010i,Nasrallah,Emily Nasrallah
Nasrallah-Al001-010j,Nasrallah,Emily Nasrallah
Nasrallah-Al001-010k,Nasrallah,Emily Nasrallah
Nasrallah-Al001-010l,Nasrallah,Emily Nasrallah
Nasrallah-Al001-010m,Nasrallah,Emily Nasrallah
Nasrallah-Al001-010n,Nasrallah,Emily Nasrallah
Nasrallah-Al001-011a,Nasrallah,Emily Nasrallah
Nasrallah-Al001-013b,Nasrallah,Emily Nasrallah
Nasrallah-Al001-013c,Nasrallah,Emily Nasrallah
Nasrallah-Al001-013d,Nasrallah,Emily Nasrallah
Nasrallah-Al001-013e,Nasrallah,Emily Nasrallah
Nasrallah-Al001-013f,Nasrallah,Emily Nasrallah
Nasrallah-Al001-013g,Nasrallah,Emily Nasrallah
Nasrallah-Al001-014b,Nasrallah,Emily Nasrallah
Nasrallah-Al001-014c,Nasrallah,Emily Nasrallah
Nasrallah-Al001-014d,Nasrallah,Emily Nasrallah
Nasrallah-Al001-014e,Nasrallah,Emily Nasrallah
Nasrallah-Al001-014f,Nasrallah,Emily Nasrallah
Nasrallah-Al001-014g,Nasrallah,Emily Nasrallah
Nasrallah-Al001-014h,Nasrallah,Emily Nasrallah
Nasrallah-Al001-026a,Nasrallah,Emily Nasrallah
Nasrallah-Al001-026b,Nasrallah,Emily Nasrallah
Nasrallah-Al001-034b,Nasrallah,Emily Nasrallah
Nasrallah-Al001-034d,Nasrallah,Emily Nasrallah
Nasrallah-Al001-034e,Nasrallah,Emily Nasrallah
Nasrallah-Al001-034f,Nasrallah,Emily Nasrallah
Nasrallah-Al001-034h,Nasrallah,Emily Nasrallah
Nasrallah-Al001-034i,Nasrallah,Emily Nasrallah
Nasrallah-Al001-034j,Nasrallah,Emily Nasrallah
Nasrallah-Al001-034k,Nasrallah,Emily Nasrallah
Nasrallah-Al001-034l,Nasrallah,Emily Nasrallah
Nasrallah-Al001-034m,Nasrallah,Emily Nasrallah
Nasrallah-Al001-034n,Nasrallah,Emily Nasrallah
Nasrallah-Al001-034p,Nasrallah,Emily Nasrallah
Nasrallah-Al001-034q,Nasrallah,Emily Nasrallah
Nasrallah-Al001-035a,Nasrallah,Emily Nasrallah
Nasrallah-Al001-035b,Nasrallah,Emily Nasrallah
Nasrallah-Al001-035c,Nasrallah,Emily Nasrallah
Nasrallah-Al001-046a,Nasrallah,Emily Nasrallah
Nasrallah-Al001-046b,Nasrallah,Emily Nasrallah
Oussani2018-0285,Oussani,Thomas & John Oussani
Oussani2018-0286_1,Oussani,Brother of Joseph Oussani
Oussani2018-0292a_1,Oussani,Joseph Oussani
Oussani2018-0292a_2,Oussani,Joseph Oussani
Oussani2018-0292b_1,Oussani,Joseph Oussani
Oussani2018-0292b_2,Oussani,Joseph Oussani
Oussani2018-0292c_1,Oussani,Joseph Oussani
Oussani2018-0292c_2,Oussani,Joseph Oussani
Oussani2018-0292d_1,Oussani,Joseph Oussani
Oussani2018-0292d_2,Oussani,Joseph Oussani
Oussani2018-0292e_1,Oussani,Joseph Oussani
Oussani2018-0292e_2,Oussani,Joseph Oussani
Oussani2018-0292f_1,Oussani,Joseph Oussani
Oussani2018-0292f_2,Oussani,Joseph Oussani
Oussani2018-0292g_1,Oussani,Joseph Oussani
Oussani2018-0292g_2,Oussani,Joseph Oussani
Oussani2018-0292h_1,Oussani,Joseph Oussani
Oussani2018-0292h_2,Oussani,Joseph Oussani
QAJE3G_28_02r,QAJE,Shukri Kordahi
QAJE3G_49_16r,QAJE,Negib Aboussouan
QBat19D_086r,QBat,Toubia Hanna Rizk & Touma Chidiac
QBat19D_094r,QBat,Hanna Younes Abboud
QBat1L_053r,QBat,Youssef Bey Al-Helou
QBat3D_0005r,QBat,Father Elias
QBat3D_1471_02r,QBat,Magistrate of Batroun
QBat4L_012r,QBat,Jirjis Yuhanna Basil 
QBat5H_0533_01r,QBat,Estephan Adib Salloum
QBat5H_0534_01r,QBat,Estephan Adib Salloum
SB_06,SB,Father Boulos El-Mender
SB_07,SB,Father Boulos El-Mender
SB_12,SB,Father Boulos El-Mender
SB1A_01r,SB,Father Boulos El-Mender
SB1A_02r,SB,Father Boulos El-Mender
SB1A_04r,SB,Father Boulos El-Mender
SB1A_05r,SB,Father Boulos El-Mender
SB1A_05v,SB,Father Boulos El-Mender
SB1A_06r,SB,Father Boulos El-Mender
SB1A_09r,SB,Father Boulos El-Mender
SB2A_01r,SB,Joseph
SB2A_01v,SB,Joseph
ST1A_197_01,ST,Salah Tizani
ST1A_197_02,ST,Salah Tizani
ST1A_197_03,ST,Salah Tizani
ST1A_197_04,ST,Salah Tizani
ST1A_197_05,ST,Salah Tizani
ST1A_197_06,ST,Salah Tizani
ST1A_197_07,ST,Salah Tizani
ST1A_197_08,ST,Salah Tizani
ST1A_197_09,ST,Salah Tizani
ST1A_197_10,ST,Salah Tizani
ST1A_197_11,ST,Salah Tizani
ST1A_197_12,ST,Salah Tizani
ST1A_197_13,ST,Salah Tizani
ST1A_197_14,ST,Salah Tizani
ST1A_197_15,ST,Salah Tizani
ST1A_197_16,ST,Salah Tizani
ST1A_197_17,ST,Salah Tizani
ST1A_197_18,ST,Salah Tizani
ST1A_197_19,ST,Salah Tizani
ST1A_197_20,ST,Salah Tizani
ST1A_197_21,ST,Salah Tizani
ST1A_197_22,ST,Salah Tizani
ST1A_197_23,ST,Salah Tizani
ST1A_197_24,ST,Salah Tizani
ST1A_409_01,ST,Salah Tizani
ST1A_409_02,ST,Salah Tizani
ST1A_409_03,ST,Salah Tizani
ST1A_409_04,ST,Salah Tizani
ST1A_409_05,ST,Salah Tizani
ST1A_409_06,ST,Salah Tizani
ST1A_409_07,ST,Salah Tizani
ST1A_409_08,ST,Salah Tizani
ST1A_409_09,ST,Salah Tizani
ST1A_409_10,ST,Salah Tizani
ST1A_409_11,ST,Salah Tizani
ST1A_409_12,ST,Salah Tizani
ST1A_409_13,ST,Salah Tizani
ST1A_409_14,ST,Salah Tizani
ST1A_409_15,ST,Salah Tizani
ST1A_409_16,ST,Salah Tizani
ST1A_409_17,ST,Salah Tizani
ST1A_409_18,ST,Salah Tizani
ST1A_409_19,ST,Salah Tizani
ST1A_409_20,ST,Salah Tizani
ST1A_409_21,ST,Salah Tizani
ST1A_409_22,ST,Salah Tizani
ST1A_409_23,ST,Salah Tizani
ST1A_409_24,ST,Salah Tizani
TAttallah2020-019,TAttallah,Father Elias Bassil
TAttallah2020-020,TAttallah,Yahia Mansour & Asaad Koury
TAttallah2020-023,TAttallah,Father Tobia al-Issa
TAttallah2020-024,TAttallah,Father Elias Bassil
TAttallah2020-026,TAttallah,Father Tobia al-Issa
TAttallah2020-027a,TAttallah,Assad Darouich Zacharias
TAttallah2020-027b,TAttallah,Assad Darouich Zacharias
TAttallah2020-029,TAttallah,Father Elias Bassil
TAttallah2020-031a,TAttallah,Asaad Koury Tobia Attallah
TAttallah2020-033a,TAttallah,Asaad Koury Tobia Attallah
TAttallah2020-034,TAttallah,Assad Darouich Zacharias
TAttallah2020-035,TAttallah,Assad Darouich Zacharias
TAttallah2020-037,TAttallah,Asaad Koury Tobia Attallah
TAttallah2020-038,TAttallah,Father Tobia al-Issa
TAttallah2020-039,TAttallah,Assad Darouich Zacharias
TAttallah2020-077,TAttallah,Krouger Tobia Attallah
TAttallah2020-094a_resize,TAttallah,Krouger Tobia Attallah
TAttallah2020-095_resize,TAttallah,Nadim Attallah
TAttallah2020-099a_resize,TAttallah,Krouger Tobia Attallah
TAttallah2020-103,TAttallah,Krouger Tobia Attallah
TAttallah2020-105_resize,TAttallah,Krouger Tobia Attallah
TAttallah2020-107,TAttallah,Krouger Tobia Attallah
TAttallah2020-107_resize,TAttallah,Krouger Tobia Attallah
TAttallah2020-122a,TAttallah,Krouger Tobia Attallah
TAttallah2020-125a,TAttallah,Krouger Tobia Attallah
TAttallah2020-128c,TAttallah,Krouger Tobia Attallah
TAttallah2020-130,TAttallah,Krouger Tobia Attallah
TAttallah2020-132a,TAttallah,Krouger Tobia Attallah
TAttallah2020-132b,TAttallah,Krouger Tobia Attallah
TAttallah2020-134,TAttallah,Krouger Tobia Attallah
TB1A_16_01,TB,Toufic El Bacha
TB1A_16_02,TB,Toufic El Bacha
TB1A_17,TB,Toufic El Bacha
TB1A_18,TB,Toufic El Bacha
TB1A_19,TB,Toufic El Bacha
TB1A_25_01,TB,Toufic El Bacha
YAL2A_01_01r,YAL,Rahma Raad
YAL2A_03r,YAL,Youssef Abdullah Maroun
YAL2A_08_02,YAL,Youssef Moussa Sadaqa
YAL2A_11_02,YAL,Catherine Yazbek Al-Badawi
YAL2A_13_02,YAL,Nehme Elias Mikhail
YAL2A_14_01,YAL,Assad Al-Khoury
YAL2A_14_03,YAL,Tanios Zakhia Elias Basil
YAL2A_16r,YAL,Bishara Mar'i Mansour
YAL2A_23_02r,YAL,Catherine Yazbek Al-Badawi
YAL2A_24,YAL,Francis Lahoud
YAL2A_40,YAL,Bishara Mar'i Mansour
YAL2A_47r,YAL,Youssef Abdullah Maroun
YAL2A_54,YAL,K. John
YAL2A_65_02,YAL,Catherine Yazbek Al-Badawi
YAL2A_74r,YAL,Catherine Yazbek Al-Badawi
YAL4A_01_02r,YAL,Brother Ibrahim
YFS1A_07,YFS,Youssef Fadlallah Salemeh
YFS1A_10,YFS,Youssef Fadlallah Salemeh
YFS1A_14,YFS,Youssef Fadlallah Salemeh
YFS2A_01r,YFS,Youssef Fadlallah Salemeh
YFS2A_01v,YFS,Youssef Fadlallah Salemeh
YFS2A_02_01_1,YFS,Youssef Fadlallah Salemeh
YFS2A_02_02_2,YFS,Youssef Fadlallah Salemeh
YFS2A_04,YFS,Youssef Fadlallah Salemeh
YFS2A_05_01,YFS,Youssef Fadlallah Salemeh
YFS2A_05_02,YFS,Youssef Fadlallah Salemeh
YFS2A_05_03,YFS,Youssef Fadlallah Salemeh
YFS2A_05_04,YFS,Youssef Fadlallah Salemeh
YFS5A_09r,YFS,Nehad
YFS5A_09v,YFS,Nehad
YS_1D_065a,YS,Lebanese immigrants
YS_1D_065b,YS,Lebanese immigrants
YS_1D_068,YS,Dani Al-Sibaqa
YS_1D_070c,YS,Abdo Fares
YS_1D_070d,YS,Jamil Youssef Noah
YS_1D_070e,YS,Jamil Youssef Noah
YS_1D_070f,YS,Elias Karbaj
YS_1D_070h,YS,Elias Karbaj
YS_1D_073,YS,Jarhas Hanna Al-Shabtini
YS_1E_005a,YS,Bishop Youssef Darian
YS_2F_022a,YS,Youssef Hanna El-Sawda
YS_2F_022b,YS,Youssef Hanna El-Sawda
YS_2F_022c,YS,Youssef Hanna El-Sawda
YS_2F_022d,YS,Youssef Hanna El-Sawda
YS_2F_022e,YS,Youssef Hanna El-Sawda
YS_2F_022f,YS,Youssef Hanna El-Sawda
YS_4A_002,YS,Sally Aad
YS_4A_004,YS,Daud Barkaat
YS_4C_038,YS,Bishop Youssef Darian
YS_4C_066,YS,Bishop Youssef Darian
YS_4C_067,YS,Bishop Youssef Darian
YS_4C_068,YS,Bishop Youssef Darian
YS_4C_069,YS,Bishop Youssef Darian
YS_4D_047,YS,Bishop Youssef Darian
YS_4D_050,YS,Talaat
YS_4D_050b,YS,Talaat
YS_4D_060,YS,Bishop Youssef Darian
YS_4D_095,YS,Bishop Youssef Darian
YS_5H_003,YS,Youssef Hanna El-Sawda
YS_5H_004,YS,Youssef Hanna El-Sawda
YS_5H_007,YS,Youssef Hanna El-Sawda
YS_5H_008,YS,Youssef Hanna El-Sawda
YS_5H_011c,YS,Youssef Hanna El-Sawda
YS_5H_011d,YS,Youssef Hanna El-Sawda
YS_5H_011f,YS,Youssef Hanna El-Sawda
YS_5H_011g,YS,Youssef Hanna El-Sawda
YS_5H_017,YS,Youssef Hanna El-Sawda
YS_5H_017b,YS,Youssef Hanna El-Sawda
YS_5H_017d,YS,Youssef Hanna El-Sawda
YS_5H_023,YS,Maurice Paul Sarrail
YS_5H_023a,YS,Maurice Paul Sarrail